如今超市到处都是妙可蓝多奶酪，真是劣币驱逐良币           ,https://zhuanlan.zhihu.com/p/431234144,['真是劣币驱逐良币。如今超市到处都是妙可蓝多奶酪，看那配料表，典型的垃圾，而且还主打儿童。想买正儿八经的天然干酪，可选品种都越来越少。又不太想网购，路上颠簸几天保温效果也没有保障。\n惜哉，我泱泱中华居然让妙可蓝多这种产品成为了奶酪第一股']
营收下降90%、配料表被曝光，妙可蓝多面临大溃败          ,https://zhuanlan.zhihu.com/p/697312372,"['作者/文森特\n编辑/嘉嘉\n日前，有网友爆料称：妙可蓝多奶酪制品配料表中，其名为“食用油脂制品”的成分实际上就是对人体健康危害极大的反式脂肪酸，随后“妙可蓝多含有反式脂肪酸”的相关词条登上微博热搜。\n在过去七年，妙可蓝多高度垂直奶酪赛道，成为了资本市场中的明星企业，是蒙牛产品矩阵中最具增长潜力的大单品。\n但如今消费者对妙可蓝多营养价值不信任，竞品不断抢占奶酪市场份额……妙可蓝多面临着系统崩盘，而资本市场也在重新评估妙可蓝多真正的市场价值和企业的真实竞争力。\n\n【1】刻意隐藏配料表，妙可蓝多营养价值遭质疑\n“食用油脂制品就是反式脂肪酸”，一位食品行业从业者向司库财经表示，妙可蓝多采用反式脂肪酸的原因除了延长保质期、食品易塑性外，更重要的是降低成本，“在打发率上，食用油脂制品是植物奶油的四倍。”\n采用反式脂肪酸能大幅降低成本，但却对身体健康造成了不可逆转的损害。\n“反式脂肪酸被身体代谢掉最少需要51天，这会引起一系列健康问题”，该名食品行业从业者表示，正是因为反式脂肪酸对身体一点好处都没有，在2015年，美国食品药品监督管理局禁止在食品中添加反式脂肪酸。\n\n\n\n（来源：互联网）\n而妙可蓝多采用反式脂肪酸作为配料，已经与其宣传“高营养”的品牌主旨完全背离。\n在以往妙可蓝多的宣传中，“1公斤奶酪约等于10公斤牛奶”是其产品的主要卖点，也是妙可蓝多品牌的人设，“妙可蓝多价格不便宜，就是想给孩子补充营养，让孩子更健康”，一位消费者向司库财经表示，妙可蓝多宣传奶酪的营养价值是打动消费的主要原因。\n在今年4月举办的中国商界木兰年会上，妙可蓝多创始人、CEO柴L更是强调：“做品牌，就是做产品，只有产品品质做好了，品牌才有根基。”\n但实际结果就是，为了降低生产成本、延长保质期到六个月、保持奶酪棒产品形状，妙可蓝多在均价5块钱一根的奶酪棒上，采用了对身体百害而无一利的反式脂肪酸作为配料。\n其实关于妙可蓝多的营养价值早已有质疑。\n此前上海消费者保护委员会对妙可蓝多、德运、光明等12款奶酪片进行测评，妙可蓝多营养素参考值只为57%，远远低于德运、卓德、光明等品牌，位居倒数第二。\n“平均下来一根妙可蓝多奶酪棒得好几块钱，营养价值不高就算了，还有反式脂肪酸”，一位孩子已经三岁的妈妈坦言，当看到食用油脂制品就是反式脂肪酸时，感觉被妙可蓝多骗了，“以后还是给孩子喝牛奶了，再也不买奶酪了。”\n\n【2】业绩增速急刹车，妙可蓝多迎来大下滑\n作为中国奶酪市场的开拓者，妙可蓝多真的会为了降低成本使用反式脂肪酸吗？\n其实对于妙可蓝多来说，降低成本是必然选择，“特别是去年业绩，就是因为供应链问题，成本上涨了过亿”，近期在中国企业家商界木兰年会，柴L公开表示，原料成本上涨是妙可蓝多经营业绩全面下滑的主要原因。\n据财报显示：2023年，妙可蓝多实现营收约为40亿元，同比下降16%，归母净利润6344万元，同比减少53%，而扣非净利润仅为717万元，同比暴跌近90%。\n\n\n\n（来源：同花顺FinD）\n营收贡献最高的奶酪业务，除了面向商家的餐饮工业系列取得7.61%的增长外，面向C端的食营养系列、家庭餐桌系列均出现大幅度下滑，下滑幅度分别为-23.94%、-36.10%。\n经过司库财经调研发现，妙可蓝多增长失速，除了奶酪市场整体萎缩外，更重要的是，与竞品相比，妙可蓝多缺少竞争力。\n在亦庄一家首航生鲜超市，司库财经发现，乳制品冷柜货架上，妙可蓝多旗下的奶酪棒、奶酪片等产品在货架上消失，取而代之的是竞品百吉福奶酪棒、奶酪片、芝士杯。\n“一般都是品牌方的人来补货，做成陈列，如果出现缺货，我们也会通知品牌方的人”，当被问题货架上为什么没有妙可蓝多时，超市员工对司库财经表示。\n其实妙可蓝多补货不及时不是个例，在亦庄附近的新合作生活超市也出现类似的状况，乳制品冷柜货架上铺满了百吉福的产品，但妙可蓝多只有三袋奶酪棒孤零零的立在货架上。\n“周边的小区，绝大多数30岁以上，成立家庭有孩子的中年人，他们绝对是儿童奶酪棒的主力消费人群”，一位消费者向司库财经介绍当地的消费情况。\n主打儿童奶酪棒,但妙可蓝多为什么会忽视这些市场、这些渠道？除了在销售渠道反应慢不给力外，妙可蓝多也面临竞品的强力冲击：\n如郭本恒创立了针对女性消费群体的奶酪品牌“五维素颜奶酪”，百吉福推出针对成人奶酪产品“一小芝”和“一杯芝士”，贝勒中国旗下品牌凯芮针对年轻女性上线了新品“Kiri甜心小酪”……\n为了应对竞争，日前妙可蓝多更换了孙俪，邀请王一博作为代言人，希望通过王一博打开年轻人市场，而这次出现的“妙可蓝多反式脂肪酸”事情，对于其转型无疑是一次打击。\n\n【3】股市蒸发350亿，妙可蓝多讲不出好故事\n一个连续四年年均增长40%的明星企业，一个奶酪棒市场占有率超过40%、实现了“品牌即品类”的企业，为什么一下子就不行了？\n司库财经认为其根源在于妙可蓝多的成长策略和发展惯性。\n在近几年大火的快消公司中，鸿星尔克和白象方便面是因为爱国情怀、蜜雪冰城和正新鸡排是因为良心的超值性价比，官栈则是针对女生大姨妈、坐月子的营养需求，而妙可蓝多更多的是依靠硬核广告。\n据数据显示：从2018年将品牌建设纳入公司战略开始，妙可蓝多在广告上的花费累计达到31.49亿元。\n在奶酪行业空白期，铺天盖地的广告宣传推动了妙可蓝多的增长，2018年妙可蓝多营收为12.26亿元，而到了2022年妙可蓝多营收达到48.30亿元，奶酪市占率达到35%，位居行业第一。\n而与此同时，妙可蓝多在研发上极度“节省”，目前妙可蓝多的研发人员一共76位，仅占公司总人数的2.49%，在这76人的研发团队中，高中以下学历的人数为28人。\n在奶酪行业发展早期，重营销、轻研发会帮助企业迅速抢占市场，一旦行业增长放缓或是处于瓶颈期，企业就会被创新能力更强、市场响应速度更快的竞品所超赶，这是妙可蓝多业绩下滑的根本原因。\n其实在妙可蓝多业绩陷入困顿的同时，资本市场对其未来发展并没有太多信心。目前妙可蓝多股价约为14元/股，相较2021年5月底84.5元/股的价格，跌幅达到83%，市值蒸发350多亿元。\n\n\n\n（来源：互联网）\n回顾妙可蓝多的成功，最大的突破点在于选准了儿童&高营养的赛道，向家长输出奶酪有营养，有利于儿童成长的品类认知，这是妙可蓝多的品牌价值，更是产品的唯一卖点。\n但是此次“妙可蓝多含有反式脂肪酸”登上热搜，相当于告诉消费者：我的奶酪会对儿童健康有可不逆转的损害。这无疑是抽调了妙可蓝多的脊梁骨，未来妙可蓝多如何再次获得消费者信赖？\n\nEND\n\n\n\n商务：JackTel：17316757969VX：fqf_1020']"
妙可蓝多恐怕不太妙                         ,https://zhuanlan.zhihu.com/p/689580719,"['作者 | 深水财经社 何离\n\n曾经的“奶酪茅”妙可蓝多，在过去的几年中无论是业绩还是市值都在持续下行。现在看起来，这一趋势还没停止。\n\n3月26日，妙可蓝多披露的2023年报显示，2023年公司实现营业总收入40.49亿元，同比下降16.16%；归母净利润6343.95万元，同比下降53.90%；扣非净利润717.12万元，同比下降89.63%。\n\n难道妙可蓝多奶酪棒卖不动了？\n\n\n\n\n01\n奶酪棒的增长红利到头了？\n\n妙可蓝多奶酪棒曾经靠铺天盖地的广告成为“网红”产品，各大商场便利店也都随处可见。\n\n从上市的2016年到2022年期间，妙可蓝多的营收从5.116亿元暴增至48.30亿元，年均增速近50%，不可谓不迅猛。\n\n2021年，妙可蓝多营收增速还在50%以上，倒是到2022年就出现了断崖式下滑到了7.84%。\n\n利润的曲线也不好看。2021到2022年,妙可蓝多净利润分别约为1.544亿元、1.376亿元,同比增幅分别为160.6%、-10.89%。\n\n尽管业绩下滑在意料之中，但2023年的营收首次出现负增长和腰斩的净利润还是让人有点意外。\n\n对于2023年的业绩变动，妙可蓝多在财报中的解释是，营收下降主要受宏观环境导致的市场变化影响；净利润再度下滑则“受原材料市场行情波动及汇率波动影响，主要原材料成本较上年同期上升”。\n\n妙可蓝多所说的“宏观环境”，首先是2023年国内消费需求呈现弱复苏趋势，其次是出生率等因素对乳制品总体需求减弱的影响。尼尔森数据显示，2021/2022/2023年乳制品全渠道收入同比分别增长7.90%、-6.50%、-2.40%。\n\n反映到妙可蓝多上，就是奶酪卖不动了。妙可蓝多财报显示，2023年公司主营业务的奶酪、贸易产品、液态奶都销售都在下降，其中占据大头的奶酪收入31.37亿元，占营业收入的77.48%，同比下降了18.91%。\n\n浦银国际的研报指出，奶酪棒在过去10年里为奶酪行业带来的增长红利很可能已经接近尾声。中国主要奶酪玩家的奶酪收入主要都是来自于奶酪棒这一大单品的贡献。单一产品集中度过高令中国奶酪市场的消费群体和消费场景相对单一。\n\n另外，再制奶酪产品缺乏刚需属性，与其他休闲食品相比，奶酪棒虽然在营养价值上占优，但在口味和性价比上都不具备优势。因此，在消费力弱复苏的大环境下，消费者对奶酪棒的消费热度大幅下降。\n\n直白点说，奶酪棒这个细分赛道成长逻辑值得探究，因为奶酪棒护城河低，产品同质化严重，品牌核心杀手锏之一是靠广告营销。这一点从妙可蓝多的销售费用增速上看得出来。\n\n2018到2021年快速增长的几年里，妙可蓝多销售费用增长都在50%以上。到2023年，妙可蓝多的销售费用已经同比缩减了22.99%。\n\n与此同时，妙可蓝多的毛利率和营运能力也在下滑。最主要的奶酪产品毛利率为37.01%，比上年同比减少3.72%。营运能力上，2023年一季度妙可蓝多的存货周转天数飙升至98.90天，而去年同期为58天；存货达8.11亿元，去年同期为4.91亿元，同比增长65.17%。\n\n02\n一年少了182家经销商\n\n好在，妙可蓝多依然保持着稳定的市占率。根据凯度消费者指数家庭样组，妙可蓝多的奶酪市场占有率进一步提升，稳居行业第一。\n\n但妙可蓝多也面临着渠道的压力。年报显示，2023年妙可蓝的经销商减少了182家。虽然在2023年四季度，妙可蓝多的经销商环比三季度增长了182家，但依然无法填补此前三个季度的经销商出走空白。\n\n2020年初，出于开拓更大餐饮奶酪市场的蒙牛看中了妙可蓝多，通过入股和此后的增持掌控了妙可蓝多。外界对这次联姻也一度看好，认为蒙牛会在业务和渠道上对妙可蓝多赋能。但最终这成了笔亏本买卖，妙可蓝多非但没有延续高增长，股价还持续低迷。\n\n\n蒙牛入股妙可蓝多时，双方签订了竞业协议，妙可蓝多不能做液态奶，蒙牛乳业则承诺会在2年内（以2021年为起点）将旗下奶酪相关业务注入妙可蓝多。\n\n但2023年5月，蒙牛发布公告称将延后约定时间，延期至2024年7月9日前履行完成，理由是“部分境外资产尚未达到可注入上市公司条件”。\n\n而据华尔街见闻报道，蒙牛对妙可蓝多渠道的加持也更多是在B端。\n\n03\n妙可蓝多的未来要内外兼修\n\n在中国食品产业分析师朱丹蓬看来，妙可蓝多的下滑在意料之中。外部原因是宏观经济下行，引发消费市场的疲软，对高价值奶酪品类产生巨大影响；内部原因还有就是越来越多的企业切入了奶酪赛道，进一步的蚕食和挤压妙可蓝多市场。\n\n这是一个预期之内的奶酪行业“恶战”格局。目前几乎所有乳企都已加码布局奶酪赛道，包括伊利股份、光明乳业、三元股份、熊猫乳品、奶酪博士及百吉福等海外品牌，妙可蓝多曾经的先发优势已经被蚕食。\n\n妙可蓝多将如何应对？\n\n关于未来发展，妙可蓝多在财报中的表述是，2024年将紧密关注市场变化情况，把握市场机遇，不断创新升级，聚焦奶酪业务，拓宽品类边界，以餐桌奶酪美食为重要场景，以奶酪零食为品类拓展，继续保持行业引领优势，进一步巩固奶酪品类领导者地位。\n\n考虑到年报中显示出的，2023年第四季度妙可蓝多实现营收9.74亿元，较上年同期减少2.6%；归属于上市公司股东的净利润0.30亿元，上年同期为-0.08亿元，实现扭亏为盈。或许说明，妙可蓝多最困难的时候已经过去。\n\n或许还需要再加一把力――聚焦奶酪业务和拓展奶酪零食品类的自身内功修炼之外，妙可蓝多也在寻求外部的赋能。在3月26日举行的业绩说明会上，妙可蓝多方面也表示，目前公司与蒙牛正积极开展有关蒙牛奶酪资产注入和双方奶酪业务整合的研讨，奶酪业务注入公司的整体方案将在有利于公司发展和全体股东利益的前提下进行。\n\n（全球市值研究机构深水财经社独家发布，转载引用请注明出处）']"
妙可蓝多是否已触天花板？                      ,https://zhuanlan.zhihu.com/p/622062194,['花朵财经原创\n编辑 | 铎子\n\n中国的奶酪行业还方兴未艾，但奶酪状元妙可蓝多似乎已经触及了某种瓶颈。\n根据2022年度财报，妙可蓝多2022年实现营业收入48.30亿元，同比增长7.84%，这已经是妙可蓝多快速增长的第六个年头，但增幅却明显降低。且令人忧虑的是，妙可蓝多的归母净利润为1.35亿，同比下降12.32%，扣非净利润为0.67亿，同比下降45.14%。\n增收，增幅却不及以往。利润同比下降。这两项核心数据的萎靡不振，使得奶酪一哥颇为尴尬。\n那么，妙可蓝多的利润哪里去了？\n答案并不令人意外，2022年，妙可蓝多营销费用高达12.19亿元，几乎是净利润的十倍。\n\n\n从赖之以出圈的利器，到吞噬利润的漩涡，营销对于妙可蓝多来说，一言难尽。\n作为半路出家的奶酪从业者，妙可蓝多最早的产品是液态奶，直到2018年才推出了奶酪棒，2019年公司更名为妙可蓝多，产品销量不断创新高，2020年公司与蒙牛开展战略合作，2021年，蒙牛正式成为了妙可蓝多的控股股东，持股比例达到28.46%。\n相比液态奶时期的不温不火，这一次妙可蓝多选对了赛道，当时中国的奶酪市场几乎完全被外资品牌占据，妙可蓝多的出现，恰似打破黑暗的一缕光，这缕光如利剑般刺破了外资的行业垄断，并奇迹般地仅用了不到三年时间，2021年以近三成的市占率，成为了行业第一。\n妙可蓝多后来居上，超越一众外资奶酪，凭最大的凭借有两点。\n第一当然是蒙牛堪称完美的渠道。\n第二则是堪称洗脑的营销和广告。\n脱胎于两只老虎的广告曲，在相当长的时间里占据了电梯等场合的目标人群空间。\n洗脑广告，加上水银泻地的攻势，给妙可蓝多带来了丰厚的回报，2018-2021年，妙可蓝多营收分别同比增长24.82%、42.32%、63.2%、57.31%，净利润分别同比增长148.69%、80.72%、208.16%、160.60%。\n但是，如前所述，妙可蓝多的营收和净利增速，陡然间划下了休止符。\n\n\n是赛道停滞了吗？非也。2022年中国奶酪行业增速为8.9%。但一直以来领跑――甚至可以说，是在某种程度上亲生塑造并领跑的妙可蓝多，却失去了本应继续保持的增速。\n2022年确实特殊，但疫情大背景也罢，行业竞争因素也罢，和2021与2020并没有天翻地覆的差别。\n或许真正的原因是，妙可蓝多的营销和广告不再灵验了。\n一切洗脑广告最终都一定会遭人厌弃，这只是时间问题。妙可蓝多的广告战略曾经收到过奇效，但根据财报，很明显看出广告的边际效应在递减。\n财报显示，2019-2022年妙可蓝多投入在广告促销上的费用分别是2.01亿元、5.61亿元、9.06亿元、8.22亿元，占销售费用从55.99%至67.42%。\n从中可以看出几个问题，首先，广告力度和销售增长并不完全呈现线性关系。其次，广告的效用在递减。\n最后也是最可怕的――\n2022年，妙可蓝多的广告投入比上年略有下滑――暂且不管这是不是公司企图摆脱对广告的过度依赖――得到的结果却是销售与净利润双双断崖式降速的尴尬。\n站在妙可蓝多的角度而言，这会得到什么结论？\n是否有一条是，广告这个东西，还是不能少？\n而相较于堪称奢侈的营销，妙可蓝多的研发投入就谨慎的多了，2022年其研发投入只有5122.70万。另据财报显示，研发总人数为76人，占公司总人数2.49%，其中高中及以下学历人数为28人。\n奶酪赛道，正在成为整个奶业中最卷的细分赛道。在洗脑式广告祛魅、行业竞争不断加剧的情况下，妙可蓝多拿什么来长久维持行业老大的地位？\n*本文基于公开资料撰写，仅作信息交流之用，不构成任何投资建议\n（花朵财经观察出品）']
动了蒙牛奶酪的妙可蓝多：“东北女富豪”让位，3年没了360亿    ,https://zhuanlan.zhihu.com/p/704127361,['收购解决同业竞争。\n作者 | 张凯旌\n编辑丨高岩\n来源 | 野马财经\n“妙可蓝多，妙可蓝多，奶酪棒，奶酪棒……奶酪就选妙可蓝多”，伴随着演员孙俪亲切而又熟悉的身影，席卷电梯间广告位，成立后迅速成为中国奶酪行业第一的妙可蓝多（600882.SH），在改换门庭，“嫁”给蒙牛后，业绩却走上了下坡路。\n2018年-2021年，妙可蓝多营收从12.26亿元增至44.78亿元，年均复合增速54%，归母净利润从0.11亿元增至1.54亿元，年均复合增速141%；公司一度成为《2021胡润中国食品行业百强榜》中，唯一上榜的奶酪品牌。同样也是2021年，蒙牛斥资30亿元，从妙可蓝多第二大股东升级为控股股东；而到了2022年，妙可蓝多就出现营收增速骤降，净利润下滑；2023年，公司营收继续下降，净利润腰斩。此前的增长神话，已经不复存在。\n值此之际，妙可蓝多迎来重大整合。6月12日，公司拟以4.48亿元现金收购蒙牛（http://2319.HK）旗下蒙牛奶酪100%股权。经过这次整合，蒙牛将旗下奶酪业务全权交给了妙可蓝多。\n资本市场并未因此掀起太大波澜。6月13日至今，妙可蓝多累计跌1.6%；不过如果再往前追溯，公司自2021年5月股价高点至今跌幅已超80%，累计市值蒸发超360亿元，目前市值仅剩69亿元。\n这起“内部整合式并购”，能让妙可蓝多触底反弹吗？\n临期兑现同业竞争承诺\n促成这次交易的最直接原因，就是三年前蒙牛成为妙可蓝多控股股东时的承诺。\n当时蒙牛表示，会以妙可蓝多作为旗下奶酪业务的运营平台，并在交易完成之日起2年内，将蒙牛及其控制企业包括奶酪及相关原材料贸易在内的奶酪业务注入妙可蓝多。同时，妙可蓝多也会在3年内通过资产处置等方式退出液态奶业务。\n这背后其实是交易双方对自己原有主业的取舍。\n妙可蓝多前身是吉林液奶龙头广泽乳业，受地方乳企竞争激烈及创始人柴L自身想法影响，才转型奶酪赛道，后因“洗脑营销”出圈；而蒙牛作为乳业巨头，在入主妙可蓝多前针对奶酪也有布局，2019年还曾联合欧洲乳业巨头爱氏晨曦（Arla Foods）推出奶酪产品。\n\n\n来源：罐头图库\n\n2020年，液态奶还能为妙可蓝多贡献14.52%的收入；同年，据西部证券研报，爱氏晨曦奶酪市场份额为1.8%。\n而在合作后，蒙牛显然是想将妙可蓝多打造成旗下奶酪业务上市平台。于是双方才做了同业竞争承诺，蒙牛不再做奶酪，妙可蓝多不再做液奶。\n但事情进展过程中也遇到过一些阻力。2023年7月8日，蒙牛2年承诺即将到期之际，公司表示因部分奶酪资产之前存在境外股东，股权刚刚完成境外交割，内部重组及团队整合仍未完成，尚未达到注入上市公司条件，故申请延期一年。\n如今延期时限将至，妙可蓝多收购蒙牛奶酪，可谓顺理成章。\n此外，乳业专家宋亮认为，现在蒙牛内部的框架调整也到了关键时刻，不仅仅是奶酪，奶粉等业务也是一样。\n蒙牛曾于2013年入主明星奶粉品牌雅士利，并花5年时间将旗下奶粉业务整合进“雅士利国际”，后又收购澳大利亚婴幼儿配方奶粉贝拉米，自此在奶粉板块形成了雅士利+贝拉米的布局。\n但雅士利如今正逐渐淡出人们的视野。目前正值618年中大促，可在天猫、京东等电商平台上，却难以找到雅士利奶粉的踪迹；以“雅士利乳业（马鞍山）销售有限公司”为主体注册的天猫旗舰店，如今也改名为“蒙牛母婴旗舰店”；雅士利的官方微博，更是许久未更新，甚至显示“该企业资质未经过年审”。\n\n\n来源：微博\n\n值得一提的是，无论整合雅士利、收购贝拉米还是收购妙可蓝多，都是在蒙牛前总裁卢敏放任期内发生的动作。而今年3月，蒙牛却宣布卢敏放卸任，由原高级副总裁、常温事业部负责人高飞接任。\n在宋亮看来，内部调整能够大幅压缩内控成本，提高整个品类板块的运营效率。这两年整个乳业都面临瓶颈期，对一个千亿企业来说，要想有更好的发展，需要在多方面破局。\n“现金牛”还是“盈利包袱”？\n不过，此时收购蒙牛奶酪的效果如何，还有待妙可蓝多未来进一步展现。\n单纯从业绩上来看，2023年、2024年一季度，蒙牛奶酪分别实现营收12.74亿元、2.11亿元，而妙可蓝多2023年的收入为40.49亿元。并表后，蒙牛奶酪在收入端确实能给妙可蓝多带来较大的增益。\n但同时，两个报告期内，蒙牛奶酪合计归母净亏损超630万元。对于近两年利润呈下行趋势的妙可蓝多来说，又会带来不小压力。\n事实上，宋亮认为，过去两年妙可蓝多的经营状况，再加入蒙牛奶酪必然会加剧利润下滑幅度。反而是今年从一季报来看，妙可蓝多归母净利润有所回暖，同比增长70.63%，此时再并入蒙牛奶酪，还可以减轻亏损带来的负面影响。\n在此基础上，宋亮表示，并购之后，蒙牛的品牌渠道、供应链体系可以对妙可蓝多进行全方位的支持，发挥协同效应。特别是供应链体系，可以很大程度上帮助妙可蓝多降低其原料成本。\n此前，蒙牛虽然也是控股妙可蓝多，但总是多一道坎。现在，外界找蒙牛奶酪，就是找妙可蓝多，而且现在蒙牛的一些电商、新零售渠道，也可以与妙可蓝多完全打通，实现共享，比以前方便许多。\n而对于蒙牛来说，这一步则是几年前多元化扩张战略的延续。卢敏放担任总裁时期，蒙牛展现出对上下游产业链公司浓厚的兴趣，先后战略投资了现代牧业、圣牧等牧业公司，并斥巨资将贝拉米、妙可蓝多、以及东南亚冰淇淋巨头艾雪收入囊中。\n\n\n来源：罐头图库\n这些并购帮助蒙牛在多个热门赛道实现占位的同时，也给公司业绩带来了更大想象空间，让市场对卢敏放喊出的“双千亿”目标――2020年蒙牛市值和销售额均达到千亿有了期待。\n但期望越高，失望也越大。以妙可蓝多为例，2020年-2022年，蒙牛先后通过受让股份、参与定增的形式，分别以14元/股、29.71元/股和30.92元/股的价格增持妙可蓝多2046.8万股、1.01亿股和2580.9万股，而妙可蓝多截至6月18日股价仅为13.54元/股，如此算来蒙牛这笔投资已浮亏超20亿元。若是将期间蒙牛在二级市场买入妙可蓝多股份的资金也计算在内，只会亏得更多。\n即便如此，蒙牛这笔买卖还是得接着往下做。多个券商研报中，都将奶酪归为最具成长性的乳制品，依据便是我国奶酪渗透率、市场占比与发达国家相比还有很大差距，而全球乳品行业发展历程显示，“奶粉-液态奶-奶酪”是客观消费发展规律。\n横竖都要做，蒙牛不如把有限的资源集中起来，继续扩大妙可蓝多在市场中的先发优势。凯度数据显示，2023年中国奶酪品牌销售额中，妙可蓝多奶酪市占率超35%，奶酪棒市占率超40%，位列行业第一。\n柴L家族让位，妙可蓝多易主\n蒙牛能得到入主妙可蓝多的机会，也与妙可蓝多创始人柴L家族在资本市场的经历有关。\n柴L借地产起家，2013年曾在港股“买壳”，并将广泽地产注入其中，这只“壳”便是如今的华音国际控股（http://0989.HK），现在在柴L女儿崔薪瞳名下。\n在和丈夫崔民东扩大商业版图的过程中，柴L还创立了广泽乳业。2006年，广泽乳业的产量已占到吉林省当地乳品企业总和的90%以上。2015年，柴L如法炮制，又盯上了A股的华联矿业，并再次借壳上市成功，成就了如今的妙可蓝多。\n自入主二级市场后，柴L家族与曾经独树一帜的资本派系“先锋系”多有往来；2017年，崔薪瞳甚至直接参与到“先锋系”财团的股权收购中。然而随着“先锋系”倒台，柴L家族的资金链也逐渐呈现出紧张的状态。2019年，柴L从妙可蓝多先后拆借约2.4亿元给家族企业或合作方，后续虽然归还，但还是造成违规占用上市公司资金；同年，柴L丈夫崔民东被起诉，柴L所持上市公司股份被冻结；崔薪瞳也因未及时还清借款被“先锋系”关联公司起诉……\n蒙牛正是在此时传出了与妙可蓝多联姻的消息。在长达一年多的时间里，柴L有过挣扎，妙可蓝多曾“反悔”与蒙牛签署的定增募资方案，并改为向柴L定增。但最后，柴L还是选择了放手。\n2021年，蒙牛正式从柴L手中接过妙可蓝多控制权。即便如此，当年柴L仍以45亿元财富登上胡润百富榜，成为名副其实的“东北女富豪”。\n至今柴L还是妙可蓝多的第二大股东，持有上市公司14.81%股份，并且任职副董事长。\n2亿“儿童”养不肥奶酪巨头？\n但“国内乳制品行业老二”蒙牛的接手，并不意味着妙可蓝多以后的路会一帆风顺。目前，妙可蓝多还正处于业绩下滑的争议中。\n公司2023年营收、净利双降，一度引来了监管部门的问询。上交所问及，为何2023年公司分季度业绩波动较大且与往年相比差异较大？\n对此，妙可蓝多解释称，最主要的原因是奶酪产品销售下降，此外还受到进口原材料市场行情波动以及为调整库存效期而消化高成本库存等影响。\n进一步而言，妙可蓝多称与消费复苏不及预期，终端消费者更加谨慎，同时国内人口出生率下降，而公司奶酪棒主要消费人群是儿童有关。\n事实上，妙可蓝多能有今天的市场地位，正是源于其对儿童奶酪棒细分市场的开拓。\n第七次人口普查显示，我国0-14岁人口数达2.53亿。在妙可蓝多之前，百吉福虽然是儿童奶酪的代表品牌，但却没能在消费者认知中牢牢占据奶酪的位置，也忽视了电梯媒体和社交媒体的崛起，这才让妙可蓝多实现后发制人，成功将自己和儿童奶酪划上了等号。\n但当销售体量增长到一定程度，妙可蓝多再想靠“儿童奶酪棒”打天下，就遇到了明显的天花板。\n宋亮表示，妙可蓝多业绩下滑，更多是因为其是一个零食产品，而非必须消费品。特别是作为零食产品，毛利又高，进入门槛又低，吸引众多企业和资本入局，导致供给增长量远大于需求消费增长，还有很多替代品出现，市场就进一步萎缩。很多孩子，慢慢就不吃奶酪了。\n在此背景下，妙可蓝多肉眼可见的两条路，是在守住此前零食赛道的基础上进行创新，以及开发更多的使用场景。\n目前，公司已经发力拓展家庭餐桌和餐饮工业两方面。\n餐饮工业主要是向萨莉亚、鲍师傅、乐乐茶、Coco等西式快餐和茶饮咖啡连锁企业提供马苏里拉奶酪、奶酪片、稀奶油等产品；家庭餐桌方面，妙可蓝多则是主抓早餐和烘焙，尝试将奶酪片搬上日常家庭的早餐桌。\n\n\n来源：罐头图库\n但这些方面也都有各自需要面临的挑战。餐饮工业的毛利率是三大场景中最低的，且还在逐年下降，2023年仅有12.27%，足以见得原材料厂商的内卷程度；家庭餐桌虽然毛利率居中，但收入一直撑不起来，2023年较之前在总营收中的占比还略有下降。\n\n\n来源：妙可蓝多公告\n而且针对这两个新场景，再去复制此前宣传儿童奶酪棒时的营销手段，显然也难以起到相同的效果。\n在此背景下，5月接替卢敏放，成为妙可蓝多新董事长的陈易一能拿出怎样的对策？公开资料显示，陈易一早期曾服务于雀巢、美国国际纸业、瑞典利乐集团等跨国企业；2009年加入华润；还曾于2019年-2022年担任水牛奶龙头皇氏集团（002329.SZ）总裁一职。\n同月，妙可蓝多宣布王一博为代言人，并推出花酪棒、鳕鱼奶酪、手撕奶酪等一系列新品，剑指女性消费赛道。\n当然，现在儿童奶酪棒依然是妙可蓝多的基本盘，公司开拓新场景、新赛道的同时，也需要守住这块来之不易的蛋糕。\n你或家人最近有买过妙可蓝多的产品吗？评论区聊聊吧！']
妙可蓝多营收净利双双下滑，蒙牛做了个“亏本买卖”？         ,https://zhuanlan.zhihu.com/p/690195623,['3月25日，妙可蓝多发布了2023年年度报告，迎来了其自2016年上市以来首次全年营收净利双降。\n财报显示，妙可蓝多2023年营业收入40.49亿元，同比减少16.16%；归属于上市公司股东的净利润6344万元，同比减少53.9%；基本每股收益0.126元，同比减少53.51%。\n值得注意的是，妙可蓝多的股价也不容乐观。截至2024年3月29日，妙可蓝多股价为13.36元/股，对比其52周最高的30.06元/股已然腰斩，而其总市值68.64亿更是跌至不足巅峰市值约435亿的两成。\n“经过疫情的洗礼，高端消费萎缩严重，反倒是性价比高的产品受益匪浅，而妙可蓝多的产品价格偏高，因此，业绩受到冲击完全在意料之中。”快消行业分析师康定平表示，随着经济逐步复苏，叠加妙可蓝多不断推陈出新，业绩有望逐步改善，不过，奶酪行业竞争愈发激烈，也考验着妙可蓝多管理层的运营水平。\n食安问题频发\n公开资料显示，妙可蓝多前身是1995年上市的山东农药，在经过了一系列大亏、卖壳、又大亏、又卖壳后，2016年终于被收购了妙可蓝多的广泽股份借壳上市，2019年正式更名为妙可蓝多，成为了“奶酪第一股”。\n公司生产产品包括马苏里拉奶酪、奶酪棒、鳕鱼奶酪、手撕奶酪、新鲜奶酪、儿童成长杯、奶酪风味酸乳、芝士片、奶油芝士、奶酪酱、纯牛奶、风味发酵乳、酸奶饮品等。\n其报告期内的主要经营产品为奶酪棒、马苏里拉奶酪、各类液态奶。据财报显示，2023年妙可蓝多总营收为40.49亿元，其中奶酪产品营收为31.37亿，占总营收的77.48%。\n妙可蓝多表示，公司营业收入较上年同期下降 16.16%、奶酪业务收入较上年同期下降 18.91%主要是受市场变化影响；而公司归属于上市公司股东的净利润较去年同期下降 53.90%，主要是受原材料市场行情变动及汇率波动等影响。\n而在应对措施方面，妙可蓝多表示：“面对市场变化，公司积极调整经营策略，部署一系列举措，以多种方式积极应对市场变化。”\n近年来，受物流不畅、原材料价格上涨、竞争加剧、消费疲软等影响，奶酪行业的增速也在大大地放缓。\n据市场机构尼尔森数据显示，2020年―2022年，我国奶酪零售端销售额分别为32.38亿元、41.92亿元、43.37亿元，增速分别为29.5%、3.5%、3.5%。\n而各大奶酪品牌业绩也自2022年以来均有波动，而在这种大环境下，妙可蓝多奶酪市场占有率仍旧稳居行业第一，并有进一步提升，也是一个不小的成就。\n值得注意的是，虽然妙可蓝多市占率稳居行业第一，但近期其食安问题却频频发生，其主力产品奶酪棒也频繁被消费者投诉出现变质情况或有异物，并且其客服的态度也被消费者诟病。\n据黑猫投诉平台显示，妙可蓝多累计投诉量为114条，已回复为98条，已完成量为89条，满意度为3颗星（满分5颗星）。\n最新的投诉日期为一周前，投诉问题为客服不处理，投诉要求为退款，赔偿，涉诉金额为37元，截至目前投诉进度仍在处理中。\n据消费者称：“3月4日我在抖音平台妙可蓝多官方旗舰店下单了一份妙可蓝多成长奶酪杯，在3月20日吃的时候发现奶酪里有黑色异物。”该消费者还表示客服的言语中有威胁人的意图。\n蒙牛延后对妙可蓝多的奶酪资产注入\n公开资料显示蒙牛持有妙可蓝多股份已高达1.875亿股，持股比例为36.51%，所以妙可蓝多的业绩下滑对蒙牛来说其实也是一个不小的损失。\n据悉，在2020年1月6日，妙可蓝多拟引入蒙牛乳业为公司及下属全资子公司为战略股东，以每股14元的价格向蒙牛转让5%的股份，转让总价为2.87亿元；同时，蒙牛增资4.58亿元入股妙可蓝多子公司广泽乳品，成为妙可蓝多的第二大股东。\n此时，蒙牛入股妙可蓝多是被外界所看好的。毕竟当时的妙可蓝多可谓是风头正旺，2020年，妙可蓝多营收28亿元，增长超60%，净利润同比增长208.16%。\n而到了2021年，妙可蓝多奶酪更是市占率冲上了第一，收入更是高达44.78亿元，净利润高达1.54亿元，同比增长161.02%，创下每股84.5元的最高纪录，市值一度直逼435亿元，这也让蒙牛再度决定“加码”。\n2021年7月，妙可蓝多以29.71元每股的价格向蒙牛发行1.01亿股，募资29.99亿元来建设“上海特色奶酪智能化生产加工项目”“长春特色乳品综合加工基地项目”及“吉林原制奶酪加工建设项目”。\n在这次发行前，蒙牛持有妙可蓝多11.07%的股份，发行完成后蒙牛持股比例上升至28.46%，超过柴L成为妙可蓝多控股股东。2022年10月，蒙牛以30.92元每股的价格又增持了2580.9万股。\n但“天不随人愿”，可能“乳品龙头”蒙牛也想不到，妙可蓝多会2022年营收增速减缓、2023年业绩骤然下降，入股妙可蓝多会成为一个“亏本买卖”。\n值得注意的是，2023年12月19日，妙可蓝多宣布“上海特色奶酪智能化生产加工项目”“长春特色乳品综合加工基地项目”“吉林原制奶酪加工建设项目”延期一年，上海和吉林的项目延期至2024年12月，长春项目延期至2025年12月。\n妙可蓝多表示：“项目延期原因是后续建设过程中，宏观环境对居民消费市场造成一定影响，公司先后调整优化各项目产品细分品类，重新规划生产设施布局，并结合产品产能和市场需求情况，主动控制建设进度。”\n值得一提的是，2021年4月内蒙蒙牛及蒙牛乳业出具《关于进一步避免同业竞争的承诺函》，承诺在2021年7月9日起2年内，将蒙牛乳业/内蒙蒙牛及其控制企业的包括奶酪及相关原材料贸易在内的奶酪业务注入妙可蓝多。\n但蒙牛乳业在2023年5月公告却表示该承诺将延后约定时间，即相关承诺延期至2024年7月9日前履行完成。而这是否是蒙牛对妙可蓝多的信任下滑我们也不得而知。\n在今年3月26日妙可蓝多发布的2023年年度业绩说明会会议记录中，有投资者询问妙可蓝多：“蒙牛约定的资产注入大概什么时候开始？还是已经开始了？”\n妙可蓝多回复称：“蒙牛奶酪资产注入方面，目前公司与蒙牛正积极开展有关蒙牛奶酪资产注入和双方奶酪业务整合的研讨，承诺人奶酪业务注入公司的整体方案将在有利于公司发展和全体股东利益的前提下进行。”']
妙可蓝多2023年业绩双降，净利润6343万元出现腰斩，近期曾遭投诉,https://zhuanlan.zhihu.com/p/689060493,['出品：子弹财经\n3月26日消息，上海妙可蓝多食品科技股份有限公司在3月25日发布了2023年年度报告公告。\n财报显示，妙可蓝多在2023年实现营业收入40.49亿元，上年同期为48.3亿元，同比下降16.16%。\n2023年，妙可蓝多的奶酪产品实现营收31.37亿元，营收占比为77.69%，毛利率为37.01%，该业务的营收同比下降了18.91%，毛利率同比减少了3.72个百分点。\n贸易业务的营收为5.67亿元，营收占比为14.04%，毛利率为-2.7%，该业务的营收同比下降了5.44%，毛利率同比减少了8.8个百分点。\n液态奶的营收为3.338亿元，营收占比为8.27%，毛利率为9.25%。该业务的营收同比下降4.32%，毛利率增加了0.64个百分点。\n报告期内该公司的即食营养系列实现收入19.016亿元，同比下降23.93%，但其中常温奶酪棒受益于渠道拓展和场景破圈实现逆势上涨；家庭餐桌系列在去年同期高基数影响下收入有所回落，实现营业收入3.475亿元，同比下降36.1%。而餐饮工业系列凭借公司供应链及专业化服务优势和餐饮消费场景复苏，实现收入8.88亿元，同比增长7.61%。\n2023年，妙可蓝多归属于上市公司股东的净利润为6343.95万元，上年同期的净利润为1.376亿元，同比下降53.9%。\n归属于上市公司股东的扣除非经常性损益的净利润为717.12万元，上年同期的扣非净利润为6912.84万元，同比下降了89.63%。\n可以看出，妙可蓝多在2023年不仅出现了营收和净利润双降的情况，而且其净利润还出现了腰斩。对此妙可蓝多称是受原材料市场行情变动及汇率波动等影响。\n妙可蓝多表示面对市场变化，公司积极调整经营策略，部署一系列举措，以多种方式积极应对市场变化。截至2023年12月31日，该公司共有经销商5036家，销售网络覆盖约80万个零售终端。公司餐饮工业在全国范围内拥有400余家经销商，为更广范围的客户提供专业化服务。\n2023年，妙可蓝多的液态奶销售量为50436.32吨，同比下降了2.97%，库存量同比增长了12.14%；奶酪产品的销量为57641.95吨，同比减少了17.44%，库存量同比减少了6.89%。贸易产品的销量为30255.09吨，同比增长2.82%，库存量同比减少了18.26%。\n妙可蓝多的CEO是任松，总经理是柴L，从财报情况看，两人未来需要解决营收和净利润下滑，主要产品奶酪销量下滑的挑战。\n近期，据黑猫投诉平台显示，妙可蓝多也曾遭到网友的投诉。\n一位网友在今年3月22日发起投诉称自己购买的奶酪中发现异物，他曾联系到商家进行索赔，但对客户给出的赔偿方案表示不满意，他要求按订单金额10倍赔偿。目前这起投诉还在处理中，并没有完结。\n截至目前，妙可蓝多在黑猫投诉平台上共获得114起投诉，其中已回复98起，已完成89起。']
妙可蓝多业绩“变脸”，大股东蒙牛巨额浮亏              ,https://zhuanlan.zhihu.com/p/693068450,"['不知不觉，中国移动港股再创新高！不少新关注的粉丝其实对这家公司也比较关注，希望我们再提一提。其实早些时候我们在价投圈和公域都已覆盖过移动，学习过的粉丝应该是理解逻辑了。大家感兴趣的可以在价投圈中翻阅我们持续跟进的看法。2020年，妙可蓝多营业收入已经连续四年保持高增长，由2016年的5.12亿增长至28.47亿，但其财务状况却不佳，急需财务投资者，而蒙牛似乎也看上了“奶酪”这一国内空白新赛道。\n正是这年1月，蒙牛以战略投资者的身份，出资2.87亿，受让妙可蓝多5%股权，成为该公司二股东，同时，以4.58亿的价格，增资妙可蓝多的子公司吉林科技，持股42.88%。\n彼时，双方约定，投资方有权要求上市公司通过发行股票、可转股债券或其他证券的方式，使投资方持有的目标公司全部股权转为上市公司的股份或其他权益工具，若未完成股权上翻，投资方和上市公司均有权根据投资协议相关约定要求回购。双方还签了竞业协议，约定蒙牛将旗下奶酪相关业务注入妙可蓝多。\n2021年，妙可蓝多营收和利润继续高速增长，蒙牛再次追加投资。2021年7月份，蒙牛全额参与该公司定增，发行价格29.71元/股，共出资30亿；2022年10月，蒙牛斥资近8亿，增持妙可蓝多5%股份……\n然而，随着该公司高速增长不再，以及行业增长前景、竞争格局的变化，蒙牛对妙可蓝多的投入在放缓，更重要的是，2023年，妙可蓝多突然业绩大变脸，录得营收、利润大幅下滑，投资者们对该公司的经营状况变得更加担忧。\n据该公司2023年年报，公司营业收入40.49亿元，同比下降16.16%，归母净利润6343.95万元，同比下降53.90%。\n01\n6年销售费用超30亿\n净利率仅1.97%\n在我国，即食奶酪本没有消费习惯，属于空白市场。与饮食同源的日本相比，我国奶酪人均消费水平仅为日本1966年水平。并且，我国人均乳制品消费量仅为世界平均水平的1/3，是发展中国家的1/2，奶业发达国家的1/7。可以看到，我国奶酪制品市场空间前景广阔。\n瞄准奶酪这一领域，妙可蓝多开始发力。妙可蓝多把2019年作为开启全面品牌建设的元年,，并开始大肆广告促销。\n妙可蓝多在央视综合频道、少儿频道以及分众传媒投了大量的广告，那个改编自《两只老虎》的广告歌曲视频几乎随处可见。后来又找到选择孙俪为品牌代言人，与热门IP“汪汪队立大功”联名……\n后来证明，该公司的宣传攻势确实取得了不错的广告效果，既撬动了市场，也在消费者心中撒下一粒“奶酪”的种子。\n从妙可蓝多的营收增速来看，验证了奶酪行业的发展潜力。随着广告营销地毯式投放，公司业绩爆发增长，2018年-2022年，妙可蓝多的营业收入从12.26亿元增长至48.30亿元，复合增速高达40.88%。其中，奶酪对营收的贡献从2018年的37%增长至2022年的80%。\n\n\n该公司也为此付出了高昂的代价。根据年报，2023年，妙可蓝多销售毛利率29.24%，2019年至2022年，其毛利率分别达到31.55%、35.91%、38.21%及34.15%，但公司利润常年微薄，2023年，销售净利率仅仅为1.97%。其中主要原因，便是销售费用的大幅增加。\n\n\n2018年至2022年，该公司销售费用由2.05亿增长至12.19亿，2023年，由于市场环境变化，公司销售费用有所下降，但依旧高达9.39亿。6年时间，妙可蓝多花在广告促销上的费用，累计31.49亿元。\n对于2023年业绩的下滑，妙可蓝多在年报中解释，受到下降主要受宏观环境导致的市场变化影响；净利润再度下滑则“受原材料市场行情波动及汇率波动影响，主要原材料成本较上年同期上升”。\n宏观市场上，尼尔森数据显示，2021年 至2023年，乳制品全渠道收入同比分别增长7.90%、-6.50%、-2.40%。2023年国内消费需求呈现弱复苏趋势，其次是出生率等因素对乳制品总体需求减弱的影响。\n不仅仅如此，行业竞争格局正在发生变化，越来越多的企业切入了奶酪赛道，进一步的蚕食和挤压妙可蓝多市场。新玩家争相涌入，传统乳企伊利、三元、光明，新品牌妙飞、奶酪博士，都意图分一杯羹。\n有奶酪行业从业者亦表示，“2019年、2020年那会儿，整个行业很疯狂。现在不行了。”“奶酪棒现在很卷，品牌太多了，价格战也打得厉害。” “疯狂期早就过了，现在没啥利润，有时候还会赔钱。”\n02\n蒙牛一笔定增浮亏近20亿\n变得谨慎\n2023年5月31日，妙可蓝多连发多个公告，宣布以现金收购控股子公司吉林省广泽乳品科技有限公司少数股权，还宣布对于控股股东此前承诺的解决同业竞争承诺进行延期，这对于一直预期蒙牛奶酪资产注入的投资者来说，无异于“爽约”。\n根据公告，妙可蓝多拟以6亿元收购吉林科技42.88%股权。妙可蓝多解释称，从控股股东内蒙蒙牛手中收购吉林科技股权，是出于加强对奶酪业务生产销售的控制力和独立决策权。\n交易完成后，妙可蓝多将直接持有吉林科技100%股权，后者将成为妙可蓝多旗下全资子公司。吉林科技42.88%股权的交易价格为6.01亿元，评估的增值率为45.12%。2023年一季度，吉林科技实现3.17亿元营收，为占妙可蓝多贡献了三成营收。\n为解决同业竞争，蒙牛此前计划2年内将奶酪业务注入妙可蓝多，妙可蓝多将在3年内通过资产处置等方式退出液奶业务。但蒙牛发布公告称，将延后约定时间，延期至2024年7月9日前履行完成，理由是“部分境外资产尚未达到可注入上市公司条件”。\n种种迹象表面，面对业绩下滑和行业竞争加剧，蒙牛或放缓对妙可蓝多的投资。\n截至4月16日，妙可蓝多股价为11.79元/股，较2021年高点缩水超80%。大股东蒙牛此前不断追加投资，亏损严重，2021年蒙牛以29.71元/股的价格认购近30亿元，截至目前，仅这笔定增已浮亏近20亿元。\n\n\n(图片来源：妙可蓝多公告)\n值得注意的是，在被蒙牛收购前，妙可蓝多由于控股股东、公司董事长、实控人柴L违规拆借上市公司巨额资金为其丈夫和女儿还债被裹挟至舆论的暴风眼，这引起了市场对对于柴L家族资金链紧张的质疑。\n截至目前，该公司柴L及吉林省东秀商贸等股东，仍然连续将其持有股份质押给吉林九台农村商业银行，共计质押8138万股，占流通股的15.89%，解除质押日期最晚为2026年4月。\n\n\n毫无疑问，妙可蓝多在开辟奶酪这一赛道做出了自己的贡献，开辟了一个新的市场，然而，奶酪进入门槛并不高，而毛利可观，越来越多的企业都想分杯羹，行业竞争加剧，叠加整个行业环境不佳，妙可蓝多的压力可想而知。要想继续保持自己的市场地位，或许公司还需要在产品和品牌建设上下功夫。']"
妙可蓝多营收净利润大幅下滑：经销商减少364家，再遭下调预期    ,https://zhuanlan.zhihu.com/p/668915482,['《港湾商业观察》廖紫雯\n11月11日-11月12日，上海妙可蓝多食品科技股份有限公司（以下简称：妙可蓝多，600882.SH）2023年度零售经销商大会于上海举办，公司创始人兼CEO柴L在演讲中表示，很多经销商伙伴与妙可蓝多的成长一路走来，大家携手共进开拓中国奶酪市场。\n而从数据来看，妙可蓝多前三季度经销商数净减少364家。前不久披露的三季报更是披露了营收、净利润双下滑，扣非净利润为负等问题。\n01、业绩承压，营收、净利润双下滑\n2023年前三季度，妙可蓝多实现营收为30.75亿，同比下降19.69%；实现归母净利润为3387.93万，同比下降76.42%；实现扣非净利润为-191.15万，同比下降102.16%。\n其中第三季度，公司实现营收为10.09亿，同比下降18.30%；实现归母净利润为531.23万，同比下降54.39%；实现扣非净利润为-466.87万。\n公司表示，归母净利润较上年同期减少，主要是由于奶酪产品营业收入和毛利率下降所致，同时远期购汇收益较上年同期减少所致。\n有投资者提出，“如何看待整个奶酪大盘下滑的情况，我们看到尼尔森线下数据认为今年上半年下滑了30%，公司怎么看待奶酪大盘近期的发展？”\n公司表示，短期虽然外部环境影响了奶酪的消费场景和增速，但从长期来看，奶酪依然是乳制品消费升级的必然趋势，公司认为未来中国奶酪市场空间广阔，长坡厚雪。\n华西证券表示，根据三季报下调盈利预测，23-25年营业收入由47/63/81亿元下调至/42/52/64亿元，归母净利由1.3/2.9/4.6亿元下调至0.7/1.5/2.3亿元，EPS由0.25/0.57/0.90元下调至0.13/0.29/0.46元。2023年10月27日收盘价17.17元对应P/E分别为132/60/38倍，维持“增持”评级。\n浦银国际预测，2023年第四季度无论是收入还是毛利率依然会环比基本维持2023年第三季度的水平，且费用率或将环比扩大。进入2024年以后，随着新产品的推出与低温奶酪棒需求的企稳，收入、产品结构和毛利率有望在一定程度上得到改善。然而，面对行业结构性调整，预计公司最快会在2025年才能重新步入高速增长的轨道。大幅下调2023/2024/2025的收入和净利润。考虑到短期的业绩波动，认为P/E已经不适合用于对妙可蓝多的估值。因此，改用DCF对公司估值（WACC9%；永续增长率5%），并下调目标价至19.8人民币。\n凌雁管理咨询首席咨询师林岳对《港湾商业观察》表示，妙可蓝多面临着比较多元的挑战，一方面新品研发没有太多建树，依赖奶酪棒大单品的瓶颈逐渐显现，奶酪赛道出现了更多网红爆款，如奶酪博士、妙飞、东方甄选的星球奶酪棒等等；另一方面，妙可蓝多希望在B端发力，但西式餐饮渠道目前都把握在海外品牌手里，妙可蓝多短期内很难有所突破。\n02、毛利率持续下滑，缩减销售和管理费用\n2023年前三季度，妙可蓝多实现毛利率为30.59%，同比下降11.04%。\n公司表示，2023年前三季度，国内消费需求呈现复苏趋势，但整体复苏速度依然较慢，公司奶酪业务实现收入24.16亿，较上年同期下降18.36%，但公司奶酪产品收入占公司主营业务收入比例为78.77%，同比增加1.31个百分点。受前述因素影响，公司加大动销，同时在餐饮马苏等品类上，高成本原材料库存造成产品成本较同期上涨，以及公司贸易业务消化部分高成本原料库存等原因导致公司总体毛利率下降。\n德邦证券表示，毛利率下降预计主要受两方面影响：（1）原辅材料成本上涨；（2）产品结构调整，相对低毛利的餐饮工业系列奶酪产品和贸易业务收入占比提升。\n浦银国际证券认为，毛利率收缩主要有以下两大原因：（1）奶酪棒收入贡献同比环比皆大幅下降，导致产品结构持续恶化（奶酪棒毛利率远高于家庭餐桌与餐饮工业），（2）原材料价格上涨以及汇率所带来的负面影响导致采购成本大幅上升。预计这一趋势大概率会在四季度维持，但四季度一些即食奶酪新品的推出有望在明年对产品结构带来正向的帮助。\n时间线拉长来看，2022年全年、2023年上半年，公司实现毛利率分别为34.15%、30.00%，分别同比下降10.61%、9.13%。\n毛利率下滑的另一面，妙可蓝多销售费用与管理费用出现了一定缩减。\n2023年前三季度，公司实现销售费用为7.33亿，同比下降19.36%；实现管理费用为1.73亿，同比下降30.32%。2022年全年，公司销售费用、管理费用分别为12.19亿、2.43亿。\n浦银国际认为，“为了应对收入下降以及毛利率的大幅收缩，公司在2023年第三季度选择大幅缩减了销售与管理费用。在收入同比大幅下跌的情况下，销售费用率与管理费用率分别同比下降4.4个百分点与1.0个百分点，抵消了毛利率下滑对利润带来的影响，从而帮助2023年第三季度的核心经营亏损同比降低37%。然而，我们并不认为2023年第三季度的费用投入以及费用率是可持续的。预计进入2023年第四季度后，公司为了配合新产品的上市一定会适当加大市场营销投入。”\n03、各区收入出现下滑，经销商净减少364家\n2023年前三季度，妙可蓝多经销、直营实现收入分别为22.41亿、4.19亿，同比下降16.03%、25.71%，其中2023年第三季度经销、直营实现收入分别为7.02亿、1.50亿元，分别同比下降14.26%、21.18%。\n即便经销渠道收入下降幅度小于直营渠道，但显然前三季度经销收入为直营收入5倍有余，基数远大于直营。\n经销收入下降的另一面，截至第三季度末，公司共有经销商4854家，同比下降4.84%，较年初净减少364家，其中第三季度净减少162家，南区经销商净减少数为44家。\n公司表示，7-9 月南区经销商净减少数为44家，在正常的数量波动范围内，经销商整体规模和结构体系保持稳定。\n经销商减少的另一面，各区收入出现一定下滑。2023年前三季度，公司北区、中区、南区收入分别为12.41亿、11.30亿、6.96亿，营收占比分别为40.36%、36.73%、22.64%，营收分别同比下降29.56%、14.64%、5.24%。\n其中，2023年第三季度各区收入分别为3.71亿、4.03亿、2.33亿，分别同比下降28.35%、5.16%、19.31%。\n时间线拉长来看，2020年-2022年，妙可蓝多北区实现营收分别为13.41亿、20.25亿、20.85亿，营收占比分别为47.11%、45.22%、43.17%；中区实现营收分别为10.06亿、16.12亿、17.42亿，营收占比分别为35.35%、35.99%、36.07%；三年时间里，二者合计营收占比分别为82.46%、81.21%、79.24%。\n同期，南区实现营收分别为4.98亿、8.32亿、9.91亿，营收占比分别为17.49%、18.58%、20.52%。\n显然，北区、中区分别为公司贡献绝大多数营收，且2020年至2022年三个完整年内，北区、中区营收增长超7亿，而南区增长幅度为5亿左右，基数较少的同时，增长也弱于北、中两区。\n在2023年第三季度业绩说明会上，有投资者表示，“为何南区的市场拓展缓慢于北区与中区？”\n公司表示，北区市场为公司传统优势市场，公司也一直致力于加大拓展开发南区市场。\n林岳认为，经销商的下滑，特别南区的缩减幅度过大，说明妙可蓝多在南区的销售存在瓶颈，这与消费环境和消费习惯有关，要打开这部分的市场还需要有更多的营销培育。（港湾财经出品）']
妙可蓝多稳固奶酪行业龙头地位，一季度有望强势开局          ,https://zhuanlan.zhihu.com/p/691461385,['据妙可蓝多2023年度财报数据显示，妙可蓝多公司实现营业收入约40.49亿元人民币，其中奶酪业务板块营收高达31.37亿元，占据总收入的77.69%，较上年同期有显著增长。与此同时，奶酪业务毛利润在公司主营业务毛利润中的占比达到98.68%，同比增长2.74个百分点，凸显出奶酪业务在其整体战略中的核心地位。\n中国奶酪市场蕴藏着巨大潜力，而妙可蓝多以其卓越的产品实力和市场占有率，展现出了在中国奶酪市场的领导风范。根据凯度消费者指数家庭样组，在2023年中国奶酪品牌销售额中，妙可蓝多奶酪市场占有率超过35%，奶酪棒市场占有率更超过40%，公司稳居行业第一并持续扩大领先优势。另根据Euromonitor统计，中国奶酪零售市场品牌市场占有率中，2023年妙可蓝多持续保持排名第一。\n面对消费升级趋势和国民健康意识的提升，妙可蓝多紧抓市场机遇，围绕“产品引领、品牌占位、渠道精耕、管理升级”四大核心策略，不断优化产品结构，加大品牌建设力度，拓宽销售渠道，深入三四线城市市场，全面提升企业管理水平。得益于此，妙可蓝多在各细分奶酪产品市场均取得了亮眼成绩，其中即食营养系列、家庭餐桌系列及餐饮工业系列分别实现不同程度的稳健增长。\n尤其值得关注的是，妙可蓝多在产品创新和消费场景破局方面的战略布局初见成效，通过推出一系列符合消费者多元需求的新品，如妙可蓝多有机奶酪棒、妙可蓝多金装奶酪棒以及休闲零食类奶酪产品，成功实现了消费人群破圈，使得奶酪产品从儿童零食扩展至成人休闲食品领域，进而推动整个中国奶酪市场的消费升级。\n2024年第一季度，妙可蓝多将延续其高效精准的市场策略，密切关注市场动态，继续发挥产品研发和创新能力，拓宽奶酪品类边界，以家庭餐桌为重要应用场景，奶酪零食为品类拓展点，力求在保持行业引领优势的基础上，进一步巩固其在中国奶酪市场的领导地位，引领中国奶酪产业步入全民普及的新纪元。']
妙可蓝多增长失速，奶酪的故事不香了？                ,https://zhuanlan.zhihu.com/p/695421902,['随着新国九条的出台，越来越多常年不分红的上市公司开始受到资本市场的拷问。\n就比如最近，有投资者向妙可蓝多提问“新国9条新规下公司已经很多年没分红了，会不会被“ST”？\n随后妙可蓝多做出了回应，实施ST具体针对的是具备分红基本条件但多年不分红或者分红比例偏低的上市公司，公司由于母公司报表未分配利润为负，不具备分红条件，因此不会触发因未分红而被实施ST的情况……\n其实说来也心酸，近年来，妙可蓝多的利润表现几乎主要靠投资收益和政府补助撑着，如果剔除掉这部分非经常性损益后，忙活了一年的妙可蓝多在实际业务经营方面只赚了717.1万元。但同期妙可蓝多总经理柴L的税前年薪却已经达到了536.26万元……\n奶酪棒想象力下滑，\n妙可蓝多进入青黄不接时刻\n从公开数据来看，过去一年，妙可蓝多实现营收40.49亿元，同比下滑16.16%，这是自2016年上市以来的首次营收负增长。对应的归属净利润为6344万元，同比下降53.9%；扣非净利润为717万元，同比暴跌近90%。\n其中，妙可蓝多的主营业务――奶酪板块营收约31.37亿元，同比下滑18.91%。具体来看，以奶酪棒为代表的即食营养系列产品实现收入19.02亿元，同比下降23.93%，家庭餐桌系列3.48亿元，同比下降36.10%。仅有餐饮工业系列同比增长7.61%，但营收规模仅为8.88亿元，\n至于渠道方面，经销渠道是妙可蓝多的主要销售路径。2023年实现收入29.3亿元，占营收比例达72.36%。\n然而，或许是利润空间的收缩和市场竞争环境的加剧，同期，妙可蓝多的经销渠道却出现了经销商们大进大出、频繁更换的情况，增加和减少的经销商数量分别高达1588个和1770个，销售网络的稳定性被迫经受着巨大的考验。\n但这还没完，如果把时间线拉长来看，妙可蓝多的总经销商数量也在近年来不断下滑。2021年为5363家，2022年却减少至5218家，2023年更是仅为5036家，这就意味着经销商对妙可蓝多们的经营信心在逐渐动摇。\n对于业绩表现的颓势，尽管现在妙可蓝多仍将其归因为市场环境的变化、以及受原材料市场行情与汇率波动等多方面影响，但究其根本，却是因为奶酪棒本身的市场增长空间可能已经接近了天花板，而妙可蓝多的第二增长业务市场增长曲线却迟迟没能走出来。\n要知道，现在妙可蓝多们瞄准的奶酪棒只是儿童零食大赛道里一个细分奶酪品类中的一个明星爆款零食。层层定义之下，其所处的消费市场本就相对狭小，再加上零食市场天然的低门槛、强竞争的特性，使得奶酪棒作为一款零食大单品能够走到妙可蓝多现在的市场规模，甚至还培养出了一大批品牌奶酪玩家，已经算是一个奇迹了。\n所以，当前妙可蓝多以奶酪棒为代表的即食营养板块营收增长放缓，并不难理解。\n真正的问题在于，妙可蓝多的第二曲线业务有点青黄不接。\n当前，奶酪棒市场公认的破局路线有两条：一是延续零食逻辑，去找到第二个足以激活消费市场的“奶酪棒”大单品。\n但是从投资的视角来看，这条路线首先没有摆脱奶酪市场逻辑的诸多困境，而且从发展历史来看，奶酪制品其实很早就已经随着百吉福等外资企业进入了国内市场，在经历过多种尝试后，或许是受制于饮食习惯不同，又或者说消费能力不足的问题，一直未能实现消费普及。最终，只有奶酪棒在妙可蓝多的“重营销玩法”下跑了出来。\n也就是说，市场和消费者对于奶酪零食已经有过一轮的淘汰选择，但胜出的似乎只有奶酪棒一种。\n另外从市场竞争的角度看，无论妙可蓝多们的奶酪制品是向儿童零食还是成人零食进军，毛利率较高，但是护城河却偏低，产品同质化严重的老毛病不会变，品牌核心杀手锏依然是砸钱做广告营销。\n所以哪怕现在妙可蓝多真的找到了足以成为下一个“奶酪棒”的爆款零食产品，但低门槛的产品特性以及饱和式竞争的市场环境，也很难使其能再现“一夜暴富”的可能。\n二是走家庭餐桌和餐饮工业路线。\n事实上，包括妙可蓝多、蒙牛、资本投资者和无数的奶酪后起之秀们都明白，儿童零食和奶酪棒只是奶酪开拓中国消费市场的一个细微切入口，从儿童零食到成人休闲，从休闲到to B的餐饮工业以及to C的家庭餐桌，这才是资本市场愿意给出妙可蓝多市盈率超过百倍高估值的根本原因。\n但前边提到，在经过了一段时间的发展后，2023年妙可蓝多的家庭餐桌奶酪系列营收却不升反降，同比下滑了36.1%。至于餐饮工业系列虽然略有增长，但规模却又太小，且毛利率仅为12.27%，远低于同期前两者的50.63%和25.73%的毛利水平。\n为什么以妙可蓝多为代表的的中国奶酪玩家们没能打开这片市场呢？\n很重要的一个原因就在于，妙可蓝多们瞄准的品类场景逻辑变了，但市场玩法却没有变，还是想要靠零食逻辑里的重营销玩法去开拓市场。\n举个例子，比如此前在电梯里看到过妙可蓝多邀请明星孙俪，做的那支“营养早餐加一片、面包加一片……”的奶酪片广告。\n虽然不可否认的是，妙可蓝多的早餐营销思路很好，但问题是，抛开奶酪片的价格不谈，现在做饭的大部分传统父母长辈们并不熟悉如何使用奶酪片烹饪，而“见多识广”的年轻人们虽然愿意尝试，但本身却又不是高频做饭的人群，做饭与不做饭、会用奶酪和不会用奶酪的消费人群的割裂自然会进一步妨碍奶酪的家庭餐桌使用场景的落地普及。\n窥一斑而见全豹。现在妙可蓝多们期待的家庭餐桌奶酪市场并不好打开，所以这也意味着其业务营收上的青黄不接，恐怕还要再持续相当长的一段时间。\n大股东蒙牛被套牢，\n妙可蓝多会有“私有化”的捷径吗？\n与不断走弱的业绩表现相对应，在资本市场上，妙可蓝多的每股股价已经从2021年最高点的84.5元，一路下滑至了现在12.47元（截止到4月23日），这让不少高位接盘的投资者们都在苦等一个解套的机会。\n其中，就包括同样是高价接盘的、且一路增持到妙可蓝多第一大股东的蒙牛乳业。\n2021年7月，妙可蓝多以29.71元每股的价格向蒙牛发行了1.01亿股，使后者的持股比例从11.07%上升至28.46%，成为控股股东。2022年10月，蒙牛又以30.92元每股的价格又要约收购了2580.9万股。\n粗略计算下，仅这两次收购，蒙牛就已经亏超20亿元。\n也难怪不断有投资者担忧，蒙牛和妙可蓝多的战略合作能不能进行下去，以至于此前蒙牛奶酪资产注入妙可蓝多延期的消息传出后，直接在资本市场引起了轩然大波……\n不过就在今年3月初，妙可蓝多发了一份公告，主要内容是，内蒙古蒙牛乳业（集团）股份有限公司通过上海证券交易所交易系统累计增持妙可蓝多股份约690万股。\n这次增持之后，蒙牛的持股比例增长到了36.51%。\n也正是在这种情况下，有部分激进的投资者开始参考雅士利的经验，提出了让蒙牛私有化妙可蓝多的建议。\n毕竟，就像彼时的雅士利一样，现在妙可蓝多的业绩表现虽然略显暗淡，但是对于大股东蒙牛的战略布局却极为重要，甚至未来还有可能成为其在继液态奶、奶粉之后最重要的一条业务增长线，所以蒙牛几乎是势在必得的。\n不过当冷静下来后，二姐认为，妙可蓝多被私有化在短时间内几乎不太可能，但未来却大有可期。\n原因不难理解，一是对于前者，现在妙可蓝多的估值还有点偏高，在当前的业绩背景下，其超百倍的市盈率背后可能还有不小的下降空间。\n而且老实讲，即便现在妙可蓝多同意私有化，但大股东蒙牛也未必会接受。因为抛开蒙牛前不久才完成换帅，内部尚处于管理磨合期不谈，光私有化的资金压力就不算轻松。截止到2023年底，蒙牛的现金计银行结存也才124.4亿元，几乎不可能拿出过半的资金去私有化一个正处于业绩增长失速期的妙可蓝多。\n二是对于后者，从长远来看，投资者们的私有化建议也不是没有道理。\n从蒙牛入股至今，妙可蓝多除了短期股价提升外，基本上的大趋势就是一路下跌，如果未来继续走低，且中短期又看不到外部利空出尽的可能性，那么蒙牛自然也就有了下场的最好成本机会。\n因为妙可蓝多之于蒙牛，除了买得贵了些，但在业务上却是强互补关系，私有化之后的妙可蓝多，可以跟蒙牛的业务形成更好的融合，提升管理效率。而且一旦没有了额外的股价和市值压力，妙可蓝多也就有足够的时间和空间去制定更长远的市场战略规划。\n而且在某种程度上，私有化也是股价飙升的利器。比如李宁被传私有化，一度大涨20%，最后收盘也涨了8个点。此外，中国中药、魏桥纺织、新秀丽和欧舒丹等上市企业，也都曾受私有化消息影响大涨。\n当然，私有化与否都只是手段、是过程，而不是结果。就像是奶酪市场的未来那样，政策端是利好的，市场想象力也是广阔的，但就是现在还隔着一段通往中国家庭餐桌的最崎岖、最不确定的市场难关要去闯。\n因此，在某种程度上，妙可蓝多搭档上蒙牛共同闯关，无疑是极为正确的。所以我们也由衷地期待“奶酪第一股”能够率先开启下一个奶酪时代。\n免责声明：本文基于公司法定披露内容和已公开的资料信息，展开评论，但作者不保证该信息资料的完整性、及时性。另：股市有风险，入市需谨慎。文章不构成投资建议，投资与否须自行甄别。\n- END -']
市值三年蒸发365亿元，妙可蓝多还“妙”吗？            ,https://zhuanlan.zhihu.com/p/696832612,['就算没有买过妙可蓝多，相信不少人也应该听过，尤其是家里有小朋友的。好吃的奶酪棒再加上印有深受孩子喜爱的“汪汪队”等动画形象的外包装，妙可蓝多迅速在很多家庭的零食柜中占有一席之地。但是近日，妙可蓝多连登两个热搜，却向那些喜爱其产品的家庭泼了一盆冷水。\n1.妙可蓝多三年市值蒸发365亿元？\n2016年借壳上市的妙可蓝多，不仅成为了国内“奶酪第一股”，业绩也迎来了飞速提升。2018年到2021年，妙可蓝多营收同比增幅分别为24.82%、42.32%、63.2%、57.31%，净利润同比增幅基本都超过了100%。同时，其股价也在2021年5月底冲上了最高点，为每股84.5元。但之后，妙可蓝多的股价就开始走低。4月19日收盘，已跌到11.95元每股。与最高点相比，妙可蓝多的市值蒸发超过360亿元。“妙可蓝多市值三年蒸发365亿”也因此登上了热搜。\n\n图片来源：微博截图\n妙可蓝多股价持续走低、三年市值蒸发365亿元，其大股东蒙牛也成为了讨论的焦点。2020年开始，蒙牛多次投资妙可蓝多，爱企查显示，截至2023年3月31日，蒙牛的持股比例为35.03%。“市界”计算，仅2020年1月、2021年7月、2022年10月的三笔增持，蒙牛浮亏已超20亿元。\n与此同时，妙可蓝多也迎来了上市以来首次总营收、净利润双下滑的局面。3月底，妙可蓝多发布了2023年业绩报告，2023年，妙可蓝多实现总营收40.49亿元，同比下滑16.16%，归母净利润为0.63亿元，同比下滑53.9%，另外净利润率也下滑了45.01%，为近三年最低。分产品来看，妙可蓝多三大业务的营收同比都在下滑，其中，妙可蓝多占比最高的奶酪业务同比降幅最大，为18.91%\n总营收、净利润都在下滑，妙可蓝多的钱都花在了哪里，又为何“卖不动”了呢？\n2.妙可蓝多重营销、轻研发？\n财报显示，2019年到2023年，妙可蓝多的销售费用分别为3.59亿元、7.10亿元、11.59亿元、12.19亿元、9.39亿元，虽然2023年有所下降，但销售费用在总营收中的占比一直居高不下，这几年均超过了20%。反观其研发费用，2019年到2023年，最低仅有2230.41万，最高也只有5122.70万。从财报来看，妙可蓝多在营销上投入不少，这点也与其近些年的动作相吻合。\n\n图片来源：雪球\n2018年，妙可蓝多与热门IP《汪汪队立大功》合作，发售了一批印有汪汪队的奶酪棒。随后其又继续与皮卡丘、宝可梦、哆啦A梦等众多大热IP合作，通过热门IP打开市场。2020年，妙可蓝多宣布国民度超高的明星孙俪为其代言人，拉拢小朋友的同时，也致力于在成人中混个眼熟。近日，妙可蓝多又宣布了新代言人――当红偶像王一博。\n官宣新代言人当天，“妙可蓝多反式脂肪酸”登上热搜并引发广泛讨论。由于反式脂肪酸会给身体健康带来不良影响，还可能导致心血管疾病和癌症，随着消费者对健康越发重视，不少人对反式脂肪酸敬而远之，尤其是有孩子的家长。“妙可蓝多反式脂肪酸”登上热搜后，有网友评论，“太可怕了”，“再也不敢给孩子吃了”。\n\n图片来源：微博截图\n不过，之后，有网友询问妙可蓝多客服，产品中是否含有反式脂肪酸的时候，客服表示并没有。\n3.奶酪在国内卖不动了？\n除了自身原因，妙可蓝多总营收下滑其实也是国内奶酪市场的一个缩影。浦银国际研报显示，2017年到2021年，国内奶酪行业零售市场规模年均增速为25.6%，但2022年，国内奶酪行业零售市场规模同比增长仅为9%。国内奶酪行业增速放缓，一方面是因为奶酪产品不符合国人的饮食习惯，另一方面，由于奶酪制品尤其是奶酪棒中含有较高的糖、脂肪等成分，以及多种添加剂，并且奶酪棒无法完全代替牛奶，国内家长正在对奶酪棒“祛魅”。\n\n图片来源：妙可蓝多官网\n在这种情况下，不仅是专注于儿童奶制品的妙可蓝多，其他奶酪企业也受到了影响。去年半年报业绩说明会上，伊利股份表示奶酪业务受到了一些影响。曾连续三年在国内奶酪消费市场占有率排名第一的百吉福，如今也只能位居第二。与此同时，光明、君乐宝、奶酪博士等品牌也正在进入奶酪市场，这意味着国内奶酪市场将迎来更加激烈的竞争，这些企业也将面临更大压力。\n有媒体报道称，目前妙可蓝多一边在摆脱“奶酪棒依赖症”，一边重视奶酪的“本土化”，结合国人的饮食习惯，开发更多新品。不过，在竞争越来越激烈的奶酪市场，妙可蓝多想要打造像奶酪棒一样的大单品，可能要付出更多。']
营收利润双降、经销商流失，妙可蓝多的困境与出路           ,https://zhuanlan.zhihu.com/p/691593361,['“妙可蓝多，妙可蓝多，奶酪棒，奶酪棒，高钙又营养，陪伴我成长，真美味，真美味”\n\n奶酪第一股妙可蓝多，曾凭借魔性广告词迅速打开中国市场，创造了营收十年翻十倍的辉煌战绩。然而，近期发布的财报显示，妙可蓝多正面临着成立以来的严峻挑战，营收八年来首降，净利润近乎腰斩，经销商队伍亦出现大面积流失现象。昔日的奶酪界霸主为何陷入困境？又该如何应对日益激烈的市场竞争？\n\n\n\n\n\n2023年度，妙可蓝多的营业收入达到了约40.49亿元人民币，相较于上一年度，呈现出明显的下降趋势，同比下降了16.16%，这是自2016年上市以来的首次营收负增长。\n\n同样引人关注的是，归属于上市公司股东的净利润大幅下滑，从上一年度的1.376亿元降至6344万元，降幅高达53.90%，扣除非经常性损益后的净利润更是下跌了惊人的89.63%，降至717.12万元。这样的数据直观反映了妙可蓝多面临的严峻经营挑战。\n\n具体到主营业务奶酪板块，2023年，妙可蓝多的奶酪业务实现收入约31.37亿元，相比于上年同期下降了18.91%，尽管下半年降幅相较上半年有所收窄，但依然不容乐观。从历年财报来看，妙可蓝多的营收增速在过去的几年里高速增长，但从2021年开始，增速明显放缓，直至2023年出现下滑，这意味着公司之前依靠的高速发展模式遇到了阻力。\n\n妙可蓝多将此次业绩滑坡的原因主要归结为市场环境的变化。宏观经济环境疲软，国内消费需求呈现弱复苏态势，加之出生率下降等因素影响了乳制品总体需求，这对以儿童为主要消费群体的奶酪棒产品销售产生了直接影响。\n\n年报中提到，2023年，妙可蓝多的即食营养系列，特别是以低温奶酪棒为代表的热销产品，以及以奶酪片为代表的家庭餐桌系列产品，销售收入均有不同程度的下滑，其中即食营养系列全年收入同比降低了23.93%。\n\n此外，妙可蓝多还提到了原材料市场行情和汇率波动对其盈利能力的影响。原材料成本的上升，尤其是与奶酪生产相关的原材料价格攀升，叠加汇率波动带来的不利因素，使公司奶酪业务的毛利率同比下滑，这也是导致净利润大幅度减少的关键原因之一。\n\n从行业角度看，奶酪行业的整体环境也在悄然发生着深刻变革。市场调查数据显示，2021年以来，奶酪行业的增长红利逐渐消退，市场竞争日趋激烈。在经历了几年的爆发式增长后，奶酪棒市场已经从蓝海变为红海，妙可蓝多原先依赖的奶酪棒市场红利正在消散，市场份额遭到多方竞争对手的蚕食。\n\n面对这种情况，妙可蓝多不仅要应对外部市场的不确定性和竞争压力，还需要解决内部产品结构单一、利润空间缩小等问题，以图在变幻莫测的市场环境中找到新的增长点。\n\n\n\n\n\n\n\n\n妙可蓝多在2023年面临的挑战不仅仅体现在财务报表上，其销售网络的稳定性也同样受到重大打击。年报透露，妙可蓝多在一年之内失去了182家经销商，这对于任何一个依赖于庞大分销网络的品牌而言，无疑是雪上加霜。截至2023年末，妙可蓝多的经销商数量从2022年的5218家减少至5036家，而回顾过往，经销商总数呈逐年递减的趋势，从2021年的5363家减少到现在的水平，这表明经销商对妙可蓝多的经营信心在逐渐动摇。\n\n经销商的大面积流失，本质上是由于利润空间的收缩和市场竞争环境的加剧。妙可蓝多虽然通过大规模广告营销打造了品牌知名度，但是在实际操作中，大量的资金投入并没有转化为经销商切实的利润回报。\n\n对于经销商而言，代理产品不仅仅是看中品牌的知名度，更看重产品本身的盈利能力。在奶酪行业竞争白热化，尤其是奶酪棒这一细分市场红利减弱的背景下，经销商们发现妙可蓝多的产品利润空间受到挤压，难以维持原有盈利水平，因而选择了转向更有利可图的其他品牌或产品。\n\n另一方面，妙可蓝多所面临的渠道压力也与其在市场竞争中的位置密切相关。奶酪市场不再是妙可蓝多一家独大的局面，随着伊利、蒙牛、光明等乳业巨头和众多新兴品牌的加入，奶酪行业的竞争格局日趋激烈。\n\n这些企业和品牌凭借自身强大的市场渗透能力和丰富的渠道资源，对妙可蓝多的市场份额形成了强有力的竞争和分割。在这种情况下，妙可蓝多的经销商们在多重选择面前，很可能会倾向于那些能够提供更强市场支持、更高利润空间或者更稳定发展前景的品牌。\n\n妙可蓝多与蒙牛之间的战略合作也被寄予厚望，外界曾预计蒙牛能够为妙可蓝多带来渠道和资源的助力，但由于种种原因，这种协同效应并未立即显现。\n\n妙可蓝多在2023年甚至宣布将减少液态奶业务比重，聚焦奶酪主业，这在一定程度上反映了企业对渠道资源的重新配置，同时也是对经销商体系优化调整的尝试。然而，即便在第四季度经销商数量有所回升，也无法完全抵消前三季经销商流失带来的负面影响。\n\n\n\n\n\n\n\n\n妙可蓝多当前面临的困境是由多种因素交织而成的。宏观经济疲软与消费复苏缓慢导致市场需求减弱，直接影响了以儿童为主要消费群体的奶酪棒等核心产品的销售。\n\n而产品结构单一与同质化竞争严重，使得妙可蓝多在奶酪棒市场红利减弱后缺乏有效的替代增长点。再者，原材料成本上升和汇率波动叠加，极大地压缩了公司利润空间，同时经销商利润缩水导致其大面积流失，销售网络稳定性受到严重影响。还有行业竞争加剧，特别是面对伊利、蒙牛等乳业巨头的强劲攻势，妙可蓝多在市场份额上的优势逐渐削弱。\n\n为了应对上述挑战，妙可蓝多采取了一系列战略举措。一方面，调整产品战略，加强产品创新，拓宽产品线，尤其是开发针对成人市场的高端奶酪产品和创新奶酪零食，丰富消费场景以适应消费升级趋势。另一方面，优化成本结构，借助与蒙牛等战略伙伴的合作关系，有效利用其供应链和渠道优势，降低生产和销售成本。同时，建立更公平合理的经销商激励机制，稳定和扩展销售网络，重建经销商信心。\n\n当然，要重新焕发生机，重返行业巅峰，妙可蓝多不仅需要采取切实有效的战略调整和执行，也需要在产品创新、成本控制、渠道优化和品牌建设等方面取得实质性突破。市场和投资者的耐心有限，妙可蓝多能否尽快走出困境，再次实现业绩增长，尚有待观察和验证。']
【深度观察】“奶酪茅”2023年报公布 妙可蓝多迎挑战求变局    ,https://zhuanlan.zhihu.com/p/689776149,['近期，我国奶酪行业领军企业妙可蓝多公布了其2023年度财务报告，报告显示2023年公司实现营业总收入40.49亿元，归母净利润6343.95万元。妙可蓝多曾在过去几年凭借其奶酪棒产品一跃成为“奶酪茅”。在2023年，受宏观环境变化、市场需求弱复苏等多重因素叠加影响，公司营业总收入受到影响。这份成绩单的背后，是妙可蓝多在复杂经济环境下的稳健调整与主动应对。\n在行业红利趋于饱和、竞争加剧的背景下，妙可蓝多并不回避面临的现实问题。面对奶酪棒这一爆款产品的增长红利可能触及天花板的现状，公司清醒认识到市场环境的变化，并及时调整策略，降低销售费用增速，更加注重提高运营效率，同时，着力强化产品研发与创新，努力拓宽奶酪品类边界，从餐桌奶酪美食和奶酪零食两个维度发力，保持并提升行业引领优势。\n妙可蓝多始终保持行业第一的市场占有率，显示出品牌强大的根基与竞争力。与蒙牛的战略合作，双方正在积极推进蒙牛奶酪资产注入和业务整合，有望在未来进一步释放协同效应，增强妙可蓝多的核心竞争力。\n在中国奶酪市场的这场“战争”中，妙可蓝多深刻意识到内外兼修的重要性。宏观经济下行所带来的挑战与乳制品同行的激烈竞争，无疑激发了妙可蓝多转型升级的动力。正如中国食品产业分析师朱丹蓬所分析的那样，妙可蓝多的下滑在一定程度上反映了整个行业环境的变化，但也正是这种变化促使妙可蓝多必须自我革新，寻找新的增长引擎。\n2023年第四季度，妙可蓝多实现了扭亏为盈，这预示着公司最艰难的时期或已过去。展望2024年及更远的未来，妙可蓝多将以敏锐的市场洞察力和前瞻性的战略布局，继续深耕奶酪业务，把握消费升级趋势，挖掘奶酪市场的深层潜力。\n奶酪作为一个相对新兴且快速发展的领域，其市场规模仍在不断扩大，尤其是在健康饮食观念日益普及和消费者对多样化营养食品需求的驱动下，增长空间巨大。妙可蓝多正蓄势待发，借助其行业领导者的地位与资源优势，携手合作伙伴共同推动中国奶酪行业的高质量发展，坚信在经历短暂的阵痛之后，将迎来新一轮的成长爆发期。']
妙可蓝多奶酪业务独挑大梁实现收入31.37亿元，持续领航奶酪市场  ,https://zhuanlan.zhihu.com/p/691705843,['近日，国内奶酪行业领军企业妙可蓝多公开其2023年度成绩单，再度展现其在奶酪市场的龙头地位。财报数据显示，妙可蓝多2023年营业收入约达40.49亿元人民币，其中奶酪业务独挑大梁，实现收入31.37亿元，占据总收入的77.69%，较上年同期，奶酪业务毛利润占比大幅提升至98.68%，凸显了公司对主营奶酪业务的深度聚焦和高效运营。\n国元证券在其研究报告中指出，妙可蓝多凭借卓越的产品力和市场占有率，已经在我国奶酪市场确立了领先地位，并且鉴于奶酪市场尚处早期成长阶段，其未来发展潜力巨大。尤为值得一提的是，妙可蓝多在奶酪棒细分市场上市占率已经超过40%，同时公司在渠道拓展和下沉市场上也取得了显著成果。\n中国奶酪市场近年来蓬勃发展，市场规模由2017年的52亿元人民币激增至2021年的131亿元，复合年增长率高达26.3%，预估到2026年将达到235亿元，中国已然跃居亚洲最大奶酪生产和消费国。尽管如此，相较于其他休闲零食，奶酪在中国市场的渗透率仍有较大上升空间。\n面对市场变化，妙可蓝多主动调整战略，坚持“产品引领、品牌占位、渠道精耕、管理升级”四大核心策略，积极推进产品研发创新，加大品牌建设和营销力度，深度耕耘各类销售渠道，尤其在新零售、母婴、烘焙等领域开辟全新战场。根据权威机构凯度消费者指数显示，2023年妙可蓝多在中国奶酪市场占有率超过35%，其中奶酪棒市场份额更是超过40%，充分彰显了其在行业中的领导地位。\n妙可蓝多在2023年不仅稳固了原有产品线的优势，还通过深入研究市场需求，推出了多款极具竞争力的创新产品，例如有机奶酪棒、金装奶酪棒等，并进一步拓宽了常温奶酪零食领域的产品线，如奶酪小粒、芝士时光系列等，深受消费者喜爱。\n据了解，妙可蓝多将在2024年继续紧密关注市场变化情况，发挥产品创新的核心驱动力，打破消费人群和场景局限，通过丰富奶酪产品矩阵，特别是以家庭餐桌和休闲零食为主要场景，力求实现全民奶酪消费的新浪潮，从而进一步巩固并提升在中国奶酪行业的领导地位。']
妙可蓝多奶酪棒，市占率超40%稳居第一               ,https://zhuanlan.zhihu.com/p/691663066,"['随着国民健康意识的提高与消费升级趋势的加快，中国奶酪市场规模呈现井喷式增长。妙可蓝多紧紧抓住市场机遇，以其奶酪棒产品为核心，深度挖掘并引领市场需求，实现了业绩的稳健提升。据妙可蓝多发布的2023年财报，2023年妙可蓝多全年营收约40.49亿元人民币，其中奶酪业务收入高达31.37亿元，占据总收入的77.69%，凸显出奶酪业务在其整体战略布局中的核心地位。\n值得关注的是，妙可蓝多奶酪棒产品在市场上表现抢眼，市占率超40%，持续引领行业发展。妙可蓝多坚持产品创新与品质升级，推出了符合现代消费者需求的高端新品，如妙可蓝多有机奶酪棒、妙可蓝多金装奶酪棒等，以差异化的产品矩阵充分满足各年龄段消费者的多元口味和营养需求。\n与此同时，妙可蓝多全面发力渠道拓展与下沉深耕，积极拥抱新零售业态，大力开发烘焙、零食量贩、母婴等特色渠道，有效提升了妙可蓝多奶酪棒等产品的市场覆盖面和触达效率。特别是在常温奶酪棒领域，妙可蓝多通过渠道拓展与产品创新相结合的方式，成功推动产品走进更多消费场景，使其具备了成为即食营养奶酪系列第二增长极的潜力。\n据悉，2024年，妙可蓝多将秉持""产品引领、品牌占位、渠道精耕、管理升级""的核心战略，持续优化产品组合，拓宽奶酪与休闲零食结合的品类边界，着力培育奶酪在家庭餐桌和休闲零食领域的消费热潮，从而进一步巩固其在国内奶酪行业的领导地位，力争在第一季度实现业绩开门红，书写中国奶酪行业发展的新篇章。']"
妙可蓝多未来走势分析                        ,https://zhuanlan.zhihu.com/p/388407254,['妙可蓝多主营业务是以奶酪、液态奶为核心的乳制品的研发、生产和销售以及以奶粉、黄油为主的乳制品贸易业务。主要产品有液态奶 、奶酪 、贸易产品。公司是国产奶酪领军品牌，，是国内最大的奶酪生产企业。\n现阶段行业格局依然是海外品牌占据主导地位，但是国产品牌加码奶酪市场，妙可蓝多有望成为本土主导品牌。蒙牛经过数次增资扩股、非公开募集、集中竞价等方式，成为妙可蓝多控股股东，未来会将妙可蓝多打造成专注奶酪的公司，并承诺将自身奶酪业务注入。蒙牛与妙可蓝多优势互补，实现产业协同、互利共赢。\n我们都知道股价与业绩是绝对的杠杆关系，即业绩增长，股价上涨，业绩快速增长，股价暴涨，具体涨幅是多少，这个和公司的财务报表、市场情绪等因素有关系。\n先看看公司的经营业绩走势图，如下：\n\n\n机构预测公司2021年净利润是3.16亿元，公司2020年的净利润是0.59亿元，同比增长433%，业绩暴涨，因为股价反映的是未来的预期，因此股价在2020年有一波比较大的涨幅。机构预测公司2022年净利润是6.2亿，较2021年同比增长95%，依然属于高增长的范畴，机构预测2023年盈利9.81亿，较2022年同比增长59%，也是属于高增长的范畴。综上所述，公司未来三年复合增长率是比较高的，即股价有上涨的基础。具体会不会涨，涨的话能涨多少，这个和公司的净利润能不能符合机构预期有关系，符合预期或者超预期股价大概可以上涨，否则股价表现就不会太好。\n\n这一轮行情的起点2018年10月11日6.88元开始，涨到2019年4月9日的12.15元，涨幅是80%左右，然后从12.15跌倒2019年6月4日的8.87，跌幅是25%左右。（如果从2019年1月4日的低点算起，涨了大概是64个交易日，调整了36个交易日）\n\n\n接下来第二波行情，从2019年6月4日的8.87元涨到2019年9月10 的15.85元，涨幅是80%左右，然后从15.85跌倒2019年12月23日的12.10元，跌幅是25%左右。（涨了70个交易日，调整了70个交易日）\n\n第三波行情是从12.10元涨到2020年的8月4日的49.70元，涨幅是300%，中间没有像样的调整，之后从49.70跌倒2020年11月13诶的的31.59元，跌幅是30%左右。（涨了149个交易日，调整了70个交易日）\n\n\n第四波行情是从31.59元涨到2021年2月18日的70元，涨幅是115%，然后是从70元跌倒2021年3月9日的47.63元，调整幅度是30%左右。（涨了60个交易日，调整了14个交易日）\n\n第五波行情是从47.63元涨到2021年5月25日的84.50元，涨幅是80%左右，目前是从84.50元跌倒54元，跌幅是36%，目前不清楚调整有没有结束？（涨了53个交易日，调整时间未知）\n\n\n\n通过上面行情走势分析，大概有个规律，很多股票都符合这个规律。一波良性大行情，即股价涨幅10倍以上的行情，股价都不是一次涨起来的，要经历多次螺旋式上涨，通常情况下，前面几波行情每一波行情的涨幅在80%左右，然后会有一波主升浪行情（业绩主升浪期间），涨幅往往在3倍左右，然后再次回归正常水平，前提条件是业绩继续维持高增长。其次每一波行情的调整幅度，从最高点到最低点，通常是30%左右。调整周期通常是55-89个交易日，这个要参考当时指数走势，如果遇到指数调整，调整周期有可能会更长，如果指数走势较强，调整周期可能会缩短。\n综上所述，我认为如果没有极端行情，妙可蓝多这一波调整幅度满足要求，未来走势大概率是通过时间消化套牢盘，继续上涨的力量。比较明确的加仓信号有两点，第一是股价不再创新低，其次是放量大阳线。符合这两个要求的时候就可以加仓。']
妙可蓝多2022年财报：行业竞争白热化，净利润5年来首度下滑    ,https://zhuanlan.zhihu.com/p/617388979,['物流不畅、原材料价格上涨、竞争加剧，市场给予妙可蓝多迎头一击\n\n近日，奶酪第一股妙可蓝多发布了2022年年度报告，年报显示，2022年营业总收入48.3亿元，同比增长7.8%；归母净利润1.35亿元，同比下降12.3%。\n而对比自2018年以来的历年数据，上述两个指标的增幅为5年来最低，而净利润首次出现下滑情况。\n对此，妙可蓝多在财报中给出的解释是，2022年受交通物流不畅、原材料价格上涨、竞争加剧、消费疲软等影响，造成净利润较去年同期有所下降。\n拆解开看，妙可蓝多2022年奶酪板块收入38.69亿元，同比增长16.01%，占公司主营业务收入80.3%，贸易产品、液态奶板块收入占比分别减少14.78%、18.86%。\n其中，占营收最高的奶酪业务的毛利率由48.51%下滑到40.73%，同比减少7.78%，这主要受交通物流不畅及国际大宗商品价格上涨影响，原辅材料和物流成本大幅上涨影响所致。从妙可蓝多给出的成本端数据看，妙可蓝多奶酪产品的材料成本从2021年的14.08亿元上升至2022年的约19亿元，涨幅达到34.93%。\n而眼下这样的情况似乎无法立即改善。3月23日下午，在妙可蓝多举办2022年度业绩说明会上，该公司副董事长、总经理柴L在表示，2023年原材料价格较2022年第4季度有所回落，但仍处于较高位置。\n而除了原材料成本增加之外，竞争者也在快速入局，近几年奶酪棒风靡全国，目前市面上的奶酪品牌也都以零食类的奶酪产品为主，导致行业同质化竞争加剧，让利抢市的情况屡屡出现。\n而针对价格战，妙可蓝多表示，作为行业的头部品牌，有责任维护价格的稳定，不会主动发起价格战，但是在战术上妙可蓝多会根据竞争情况积极应对，有序参与。']
扣非净利骤降90%！谁动了妙可蓝多的奶酪？             ,https://zhuanlan.zhihu.com/p/690246961,['文|周蓉 出品|天下财道\n\n妙可蓝多(600882.SH)，这家名字挺好听的公司，刚刚发布了史上最差财报。\n3月25日，妙可蓝多发布的2023年财报显示，上市后首次营收、利润双降，引发市场关注。\n妙可蓝多去年营收约为40亿元，同比下降16%；归母净利润6344万元，同比大跌53%。更为严峻的是，扣非净利润仅为717万元，同比暴跌近90%。\n（来源：公司年报）\n\n究竟是什么原因导致如此“惨剧”发生？妙可蓝多又面临着怎样的困境？\n\n奶酪难卖了\n在年报中，妙可蓝多只是轻描淡写解释称，“主要由于原材料市场行情变动及汇率波动等因素影响”。还随即表示，“在奶酪市场仍稳居行业第一”。\n是的，从产品分类来看，奶酪仍是妙可蓝多的核心产品，2023年收入为31亿元，约占全年总收入的78%。这一数字较去年同期下降近19%，但奶酪仍然是公司毛利的主要贡献者，毛利占比接近99%。\n由于奶酪业务在公司营收和毛利中的占比极大，因此其业务收入和毛利的下降直接导致了全年营收及净利润的下滑。\n妙可蓝多第二大产品为贸易业务，全年业务收入不到6亿，占总收入的14%，同比下降超5%。同样受到原材料成本和汇率的双重影响，贸易业务毛利率同比下降了近9个百分点，全年毛利甚至为负。\n你可能在街面上看到过妙可蓝多的店铺，公司的经营渠道仍占据主导地位，营收近30亿元，虽然同比下滑了15%，但依旧占据主营收入的72%。\n妙可蓝多的店铺是多了还是少了？有研报数据显示，截至2023年底，妙可蓝多的经销商数量为5036家，较年初减少了182家。这在一定程度上反映出市场竞争的加剧，以及经销商对于合作品牌的选择更加谨慎。\n（来源：华鑫证券研报）\n\n妙可蓝多的直销渠道和贸易渠道2023年营收均为5.5亿元左右。其中直销渠道下滑比例较大，同比减少29%；贸易渠道尽管只下滑了5%，但由于营业成本大于营业收入，所以处于亏损状态。\n\n价格不占优\n借着行业东风，妙可蓝多曾有过不错的业绩表现，2016年至2021年营收保持了两位数增长，净利润更曾出现过200%以上的增幅。但是，2022年营收增幅就骤降为不足8%，净利润更是出现了负增长。\n究其缘由，2018年至2022年为中国奶酪产业发展的黄金期，妙可蓝多称得上是第一个入局并大力营销的企业，产生的效果也不错。\n当然，市场好自然会引来许多竞争者。不仅有伊利、光明、品渥等乳业上市公司，还有妙飞、奶酪博士、吉士汀等创新品牌，以及永辉、盒马等零售渠道也纷纷跨界入局奶酪行业，这些竞争对手不但有钱、有规模，而且还有自己的销售渠道。\n目前奶酪行业打起了价格战、营销战，妙可蓝多受到的冲击显而易见。\n况且，妙可蓝多还有自己的短板。首先，奶源方面很难降低成本。妙可蓝多没有自己的牧场，原奶全部从外部购买，成本高低完全随行就市。这也是妙可蓝多2023年营收及利润双降的重要原因。\n其次，目前公司约70%的营收依赖经销商，降低价格会损害经销商利益，影响渠道拓展。\n基于这两点，妙可蓝多在奶酪棒市场上缺乏价格优势。根据目前网上各个官网旗舰店的价格，妙可蓝多平均单支原味奶酪棒（18g）的售价为1.82元，伊利同类产品平均单价为1.56元，吉士丁平均单价为1.71元。\n（来源：线上购物平台）\n\n同时，妙可蓝多的收入增长比较依赖销售投入。2016年公司销售费用仅为3639万元，随后逐年增加，2022年销售费用达到最高点超12亿元。\n近五年来，妙可蓝多的销售费用率一直保持在20%以上，在行业中属于较高水平。\n（来源：公司年报）\n\n这种以营销投入换收入的方式虽然短期内效果不错，但随着时间推移，难免边际效用递减。在营收下降的背景下，高昂的营销费用反而成为公司的负担。\n2023年，妙可蓝多毛利率29%，看上去在行业中处于较高水平。然而，由于费用端支出较大，公司的净利率却不足2%，处于行业倒数。这种毛利率高、净利率低的现象，反映出公司在成本控制和费用管理方面的不足。\n（来源：东方财富网）\n\n投资者悲观\n业绩表现不佳，自然会反映到股价上。妙可蓝多3年以来基本处于“跌跌不休”的状态。2021年5月，妙可蓝多股价最高达到84.5元（复权价），随后持续下跌，目前股价仅剩当时的1/6。\n（来源：新浪财经）\n\n这当然引得投资者很是失望和焦虑，他们在股吧中纷纷吐槽。\n本就不多的机构投资者也选择了减仓操作。\n另据天眼查信息，妙可蓝多目前自身风险超200起，周边风险超900起。大量周边风险与公司第一大股东蒙牛乳业相关。\n在黑猫投诉网站，有关妙可蓝多的投诉也不少见，大多集中在食品异物和过期售卖问题。\n企业开始走下坡路，领导们即使不能像万科郁亮那样降至月薪1万元，也应该有些不好意思拿高薪吧。\n但似乎不是这样，妙可蓝多的高管薪酬依然处于行业领先水平。2022年，妙可蓝多业绩增速已经明显下滑，但创始人也是公司副董事长、总经理的柴L年薪超585万；董事、执行总经理任松年薪486万；董事、财务总监蒯玉龙年薪291万。\n（来源：公司年报）\n\n可比公司光明乳业高管薪酬同期显著低于妙可蓝多，董事长和副总经理薪酬分别为86万、142万。\n（来源：光明乳业2022年报）\n\n在扣非净利润骤降近90%的2023年，妙可蓝多高管薪酬只下降了10%左右，但仍然处于业内较高水平。\n妙可蓝多该如何冲出重围？有业内人士向《天下财道》表示，在竞争激烈的市场环境中，妙可蓝多要提升业绩，可以考虑以下几个方面：\n产品创新。通过持续研发新产品，满足消费者不断变化的需求，扩大产品线，提高产品的附加值。\n渠道拓展：积极开拓销售渠道，增加线下门店的覆盖范围，拓展线上销售平台，提高产品的市场占有率。\n供应链优化：优化供应链管理，降低成本，提高效率，确保产品的质量和供应的稳定性。\n当然，面对当前的状况，妙可蓝多也在积极寻找解决方案。\n在年报中，妙可蓝多提到将拓宽奶酪业务，在即食营养奶酪方面，除了儿童奶酪产品，还将大力开发成人奶酪休闲零食。同时，公司还要开拓海外市场，布局国际化业务。\n这些举措能奏效吗？妙可蓝多业绩下滑是暂时的还是趋势性的？《天下财道》将持续关注。\n- END -\n免责声明：文章信息不构成投资建议']
妙可蓝多上半年净利润下降近八成                   ,https://zhuanlan.zhihu.com/p/644067366,['【妙可蓝多上半年净利润下降近八成】\n7月14日，妙可蓝多预计上半年净利润2600万元-3400万元，同比下降74.24%-80.3%。（公司公告）']
妙可蓝多，C位难坐                         ,https://zhuanlan.zhihu.com/p/493303260,['微信图片_20220405124650.jpg\n\n作者 | 冯羽\n编辑 | 蛋总\n出品 | 子弹财观\n从西式餐饮的舶来品变身为儿童零食界“顶流”，奶酪棒是如何实现晋级的？\n这一答案可能要问问妙可蓝多。\n这家很早便押注奶酪制品的东北乳企或许并未预料到，西式餐桌上的佐餐用品，有一天竟也会成为中国人口中的“奶酪茅”。\n3月29日晚，妙可蓝多发布了2022年Q1业绩预增公告，报告期内，公司预计实现营业收入11.5亿-13.5亿元，同比增长20.93%-41.97%；预计实现归属上市公司股东的净利润5500万-7500万元，同比增加71.72%-134.16%。\n不过，上述公告发布后，并未对股价带来强刺激――3月30日股价报收35.8元，而截止4月1日，其股价报收34.93元，看似不错的业绩预增数据为何没有赢得投资者的看好？\n近年来，90后父母愈加推崇“健康的儿童零食”，富含钙和蛋白质的奶酪棒便逐渐站到了儿童零食圈的“C位”，而扩建工厂解决了产能问题后的妙可蓝多也趁势而起。\n但以妙可蓝多为代表的奶酪棒品牌真能征服“挑剔”的中国家长吗？中国人奶酪制品的低消费量是否会让相关企业的业绩过早触及天花板？在儿童零食之外，还有什么能支撑起更广阔的奶酪市场？\n1、站不稳的“C位”？\n奶酪原本是西方国家佐餐的传统食物，根据加工程度不同，可分为天然奶酪和再制奶酪。\n相比佐餐的天然奶酪，再制奶酪口味更丰富、保质期长，因此也更受到国内企业和消费者青睐。加上奶酪制品经由牛乳加工而来，钙和蛋白质含量更高，因此也被称为“奶黄金”。\n智研咨询数据显示，2009年我国人均奶酪消费量约22克/人，到2019年这一数量达到176.0克/人，而2020年则增长至184.3克/人。\n国内较低的人均奶酪消费量和消费潜力让不少企业发现了这一新赛道。\n妙可蓝多前身广泽乳业原本是东北一家名不见经传的乳企，2015年开始聚焦奶酪品类，通过收购天津妙可蓝多，于2016年完成重组上市，成为“中国奶酪第一股”。2019年其正式更名为妙可蓝多，并全面转型成奶酪企业。\n根据妙可蓝多2021年财报数据，公司实现营业收入44.78亿元，同比增长57.31%；实现归属于上市公司股东的净利润1.54亿元 ，同比增长160.60%。\n此外，奶酪产品收入占公司主营业务收入比例为74.62%，同比增加 1.71 个百分点；同时，高毛利奶酪产品收入快速增长也带动公司主营业务毛利率同比增加2.21个百分点至 38.14%。\n但如果将时间线拉长不难发现，妙可蓝多自上市以来，其营收和净利润同比增速波动幅度明显。\n根据Wind数据，从2016-2021年，妙可蓝多营业收入分别实现5.12亿、9.82亿、12.26亿、17.44亿、28.47亿和44.78亿元，同比增速分别为41.76%、91.96%、24.82%、42.32%、63.20%和57.31%。\n\n微信图片_20220405124655.png\n\n同一时段，其归属母公司股东的净利润分别实现3221万、427.9万、1064万、1923万、5925.8万和1.54亿元，同比增速分别为111.72%、-86.72%、148.69%、80.72%、208.16%和160.6%。\n\n微信图片_20220405124658.png\n\nEuromonitor数据显示，从2017年至今，中国奶酪零售市场规模增速稳步上升，而妙可蓝多的业务营收和净利润却出现较大波动，可见其快速增长并非一帆风顺。\n\n微信图片_20220405124701.jpg\n\n（图 / Euromonitor）\n同时，妙可蓝多的主营业务包括奶酪、液态奶和贸易产品，在2021年前述品类分别实现业务收入33.35亿、4.3亿和7.04亿元，占总营收比例为74.62%、9.62%和15.75%；其中，奶酪产品的毛利率最高达48.51%，而液态奶和贸易产品的毛利率仅为13.73%和3.90%。\n\n微信图片_20220405124704.png\n\n（图 / 妙可蓝多2021年财报）\n事实上，妙可蓝多奶酪产品的高毛利很大程度来源于其高定价，但较高的原料成本则是导致公司净利润飘忽不定的原因之一。\n根据妙可蓝多财报，公司生产奶酪所需原辅材料（包括原奶、干酪等）来自国际采购和国内采购，其中，进口原料进一步放大了原材料成本――妙可蓝多奶酪产品的生产成本中，原材料成本占到了总成本的5成以上。\n\n微信图片_20220405124706.png\n\n（图 / 妙可蓝多2021年财报）\n在妙可蓝多2021年度业绩说明会上，妙可蓝多董事会秘书谢毅表示，公司奶酪产品的主要原料是进口国外干酪，并表示未来拟布局以国内奶源作为原料来生产奶酪。\n值得注意的是，不同于市面上部分品牌寻求工厂加工的生产模式，妙可蓝多是自建工厂，采购原材料进行自主加工。\n据其财报，2021年4月，公司位于上海金山的第五间工厂已建成投产。且2021年，公司全年奶酪总产能已达到 7.84万吨，较上年同期增长107.47%。\n但相比充裕的产能，妙可蓝多的研发投入却显得有些乏善可陈。\n根据Wind数据，从2016-2021年，公司的年度研发支出分别为1006.6万、718万、1397.7万、2230万、3886万、4009万元，同比增速为-28.63%、94.57%、59.63%、74.26%、3.17%。\n\n微信图片_20220405124710.jpg\n\n（图 / 妙可蓝多2021年财报）\n且根据妙可蓝多2021年财报，报告期内公司研发投入合计4009万元，占营收比例仅为0.9%。\n\n微信图片_20220405124712.png\n\n（图 / 妙可蓝多2021年财报）\n更令人惊讶的一组数据是，截止2021年底，妙可蓝多研发人员数量为76人，占公司总人数的2.49%；且在这些研发人员中，有45人为本科以下学历，占总研发人数的59.21%。\n欧睿数据显示，2021年中国奶酪零售市场品牌中妙可蓝多以27.7%排名第一，但从研发方面投入来看，“中国奶酪第一股”似乎并未从产品层面与同行拉开明显身位。\n2、9亿广告费烧出“头牌”？\n在2018年之前，国内奶酪市场仍是国外品牌的天下。\n在大型商超的乳品销售区域，奶酪陈列区也大多摆放着乐芝牛、百吉福、总统等国外奶酪品牌。\n但大多数国外奶酪品牌并不注重在中国市场的品牌营销，甚至堪称“佛系”，在国内的认知度十分有限。\n公开数据显示，2019年中国奶酪零售市场CR5（指业务规模TOP5企业行业市占率）为百吉福、乐芝牛、安佳、卡夫和妙可蓝多，其市占率分别为22.7%、7.7%、6.4%、5.5%和4.8%。这前四位均为海外品牌，国产品牌仅有妙可蓝多入围前五。其他国产品牌如蒙牛、光明等则位列第二梯队。\n国外品牌的“傲慢”也给妙可蓝多提供了弯道超车的机会。\n很快，妙可蓝多凭借着高调的营销策略加速切入更为细分的儿童奶酪零售市场。\n公司首先与汪汪队、宝可梦和哆啦A梦等热门动画IP合作，靠精美的包装和卡通形象吸引小朋友；在家长层面，妙可蓝多则选用了形象良好的孙俪作为代言人，同时借助分众传媒的强渠道能力给家长进行“洗脑”，打造出“奶酪就选妙可蓝多”的品牌印象。\n\n微信图片_20220405124715.jpg\n\n（图 / 妙可蓝多官方）\n妙可蓝多在2021年财报中也强调了公司会“继续加强品牌建设，加大营销及广告投放力度”。而在过去一年，其也试图通过春节档、暑期档投放头部卫视、地铁广告，以及在双微、小红书、抖音等平台进行品牌营销提高知名度。\n“终端陈列就是最好的品牌显现”显然是妙可蓝多品牌营销策略的核心，随之而来的则是公司销售费用水涨船高。\n根据Wind数据，从2016-2021年，妙可蓝多的销售费用分别为3638.6万、1.22亿、2.05亿、3.59亿、7.10亿、11.59亿元，同比增速分别为235.35%、68.03%、75.12%、97.77%和63.24%。\n且在报告期内，公司广告促销费发生额为9.06亿元，占销售费用的比例高达78.18%，且广告促销费占公司全年营收的比例则高达20.23%。\n\n微信图片_20220405124717.png\n\n（图 / 妙可蓝多2021年财报）\n妙可蓝多将销售费用变动的原因归结为，奶酪业务处于快速增长期，公司渠道投入和品牌建设导致广告促销费增加，销售人员增加导致职工薪酬增加等。\n而过于依赖品牌营销或是导致妙可蓝多净利润增速不稳定的重要原因。\n过于依赖品牌营销，大概率也隐含了另外一层意义，即奶酪行业产品同质化程度高，大部分品牌不得不靠烧钱来抢占地盘。\n\n微信图片_20220405124720.png\n\n（图 / 公开数据）\n根据对比各品牌营养成分表不难发现，目前市面上奶酪棒品牌富含营养成分大致相同，差别仅在于含量的微小差距，且少有其他额外的营养添加成分。\n甚至有业内人士直言，目前奶酪终端市场拼的就是奶酪棒，而这些奶酪棒设计同质化、包装同质化、卖点同质化，“因为配料表大家都知道，所以大家做得都差不多。”且多数品牌只能在蛋白质含量以及代糖成分上下功夫。\n妙可蓝多显然也意识到奶酪棒研发门槛低的问题，于是在2021年9月推出了常温奶酪棒产品。\n过去的低温奶酪棒在产品运输和储存方面都需要配备相应的冷链和冷藏设施，对销售渠道的要求更高。而常温奶酪棒运输成本低且保质期更长，显然符合妙可蓝多发力“第二增长曲线”的野心。\n因此，在“低温做精，常温做广”的策略下，下沉市场成为妙可蓝多发力新产品的试验田。\n平安证券曾在研报中指出，低温奶酪目前主要布局于一二线市场，三四线甚至四五线市场还有很大空白。\n\n微信图片_20220405124722.jpg\n\n（图 / 凯度消费者指数家庭样本组 ）\n凯度消费数据也显示，地级市、县级市与县城奶酪产品的渗透率已逐步接近省会城市。\n那么问题来了，下沉市场会成为妙可蓝多继续开拓增量市场的新“根据地”吗？\n3、奶酪棒外的“Plan B”\n固然，开拓下沉市场能暂时避开一二线城市低温奶酪棒之间的价格厮杀，但我国奶酪进口均价较高，高成本在终端表现为高售价，也在一定程度上限制了奶酪的普及速度与下沉空间。\n且无论是产品高度同质化还是品牌过度看中广告营销，似乎都指向了同一个结论――高单价的奶酪棒市场也正在被拖入价格战。\n根据华安证券发布的《国内奶酪棒短期竞争加剧，品质差异化成为破局机会》（下称“《报告》”），随着新老玩家入局，打折促销成为常态。以电商渠道为例，头部品牌以低价策略抢占最大销量，例如伊利每克售价仅0.109元，而吉士丁的常温产品单位价格低至0.069元/克，而妙可蓝多的每克售价为0.138元，在价格方面并无明显优势。\n\n微信图片_20220405124726.png\n\n（图 / 天猫、华安证券研究所）\n妙可蓝多作为国内市占率第一的奶酪企业，在低温奶酪棒之外拓展常温奶酪棒和下沉市场，除了要开拓第二条业务增长曲线之外，也是为了避开现有市场热闹的价格搏杀。\n不过，妙可蓝多创始人柴L曾多次强调，公司并不会主动发起价格战。“妙可蓝多作为行业老大不会去打价格战，不是不敢打而是不能打”。她表示，打价格战损害的是经销商的利益，如果行业老大打价格战更是伤害行业的利益，会让其他企业无法生存。\n在她此番表态的背后，是妙可蓝多在线下渠道的强势表现。\n据其2021年财报数据，报告期内，公司共有经销商5363家，较2020年底数量增长1倍以上；销售网络覆盖约60万个零售终端，覆盖全国96%以上地级市以及85%以上县级市。其中，新增经销商数量3606家，新增数量已超过公司2020年末经销商总数量2626家，主要因Q4快速推进常温奶酪棒招商导致。\n奶酪棒终端产品的高毛利也间接保障了经销商的利益。据前述《报告》，国内奶酪棒产品出厂价为1.3元，经销商批发价1.75元，终端售价2.4元，厂家、经销商和终端毛利在30%左右，较大的利润空间产生充足的渠道推力。\n从线上渠道看，妙可蓝多2021年全年线上销售收入4.48亿元，毛利率同比增长2.48个百分点至49.54%。\n但其线上销售渠道营收占总营收的比重仅为10%，这也意味着，对妙可蓝多来说，短期内传统线下渠道依旧“称王”。\n\n微信图片_20220405124729.jpg\n\n（图 / 妙可蓝多2021年财报）\n不过，纵观整个市场，儿童零食赛道的消费体量仍然有限――国内奶酪棒消费市场虽然渗透率低、开发潜力大，但奶酪消费的大头仍然来自餐饮渠道，仅靠儿童零食难撑起整个奶酪消费市场。\n2010-2020年，我国餐饮奶酪消费量从3.4万吨增至14.1万吨，复合年均增长率为15.3%。\n《报告》也指出，与日韩不同，在餐饮渠道，我国中式快餐在快餐市场处于绝对优势，全国层面西式饮食习惯普及度与渗透率仍低。\n换言之，儿童奶酪棒拉动奶酪零售额的高速成长或不可持续。\n根据华安证券数据，随着市场竞争加剧和基数变大，2022年奶酪零售额增速预计为16.8%，远低于2020和2021年。\n因此为了扩大C端市场，妙可蓝多不得不在即食营养系列之外，推出更多适合成年人和家庭佐餐场景的零食产品，例如“每日芝食”奶酪条和“烘焙三宝”，试图拥抱成年人消费市场。\n\n微信图片_20220405124732.jpg\n\n（图 / 妙可蓝多官方）\n至于渗透率和奶酪使用频率更高的B端市场（餐饮工业系列），妙可蓝多已与达美乐餐饮、汉堡王、85度C、奈雪的茶、古茗等企业展开合作，在全国拥有300余家经销商。\n但理想总不及现实残酷。华安证券指出，我国奶酪消费集中在儿童群体，奶酪认知有待提升。2020年奶酪零售额占比达到64%，而家庭佐餐消费和成人消费仅占33%和3%。同时，有52%的调研人群仅购买儿童奶酪，同时购买全部品类的占比仅有1%。\n妙可蓝多2021年财报也显示，其在家庭餐桌系列和餐饮工业系列收入仅占奶酪板块营收的10.54%和14.09%，其毛利占比分别为7.64%和6.23%。\n\n微信图片_20220405124735.jpg\n\n（图 / 妙可蓝多2021年财报）\n这也意味着，除了儿童零食“顶流”奶酪棒之外，妙可蓝多急需寻找并做好更多“Plan B”，才能站稳奶酪市场“C位”。\n*文中题图来自摄图网，基于VRF协议。']
上市后首次营收、利润双降，妙可蓝多核心单品奶酪棒增长乏力      ,https://zhuanlan.zhihu.com/p/689261854,['图片来源：图虫创意\n蓝鲸财经记者 张静伦\n3月25日晚间，上海妙可蓝多食品科技股份有限公司（以下简称：“妙可蓝多”，600882.SH）发布2023年年度业绩报告。报告期内，公司实现营业收入40.49亿元，同比下降16.16%；归属于上市公司股东的净利润约6344万元，同比减少53.9%。\n谈及业绩变动原因，妙可蓝多表示，受原材料市场行情波动及汇率波动影响，主要原材料成本较上年同期上升。\n公开资料显示，妙可蓝多是一家以奶酪为核心业务的A股上市公司，旗下拥有“妙可蓝多”、“广泽”、“澳醇牧场”等知名品牌，主要生产各类原制、再制奶酪和液态奶两大系列产品。\n值得注意的是，这是妙可蓝多自2016年上市以来首次营收、净利双降。\n据悉，2016年妙可蓝多借壳上市后，经历了两年动荡时期，自2018年其归母净利润便呈现不断上涨的趋势。2018-2021年，妙可蓝多营收分别同比增长24.82%、42.32%、63.2%、57.31%，净利润分别同比增长148.69%、80.72%、208.16%、160.60%。\n但自2022年开始，其营收增速已有明显放缓的迹象，净利润增速更是直接“告负”。2022年妙可蓝多实现营收48.30亿元，同比增幅7.84%；实现净利润6344万元，同比下降10.89%。\n如今已连续两年净利润增速下滑，妙可蓝多怎么了？\n回顾过往，妙可蓝多的高速增长与营销端的高举高打不无关系。2019-2021年，妙可蓝多的销售费用分别为3.59亿元、7.11亿元、11.59亿元，同比增长幅度分别为75%、98%、63%。2022年，销售费用增速虽有所放缓，但再度增长至12.19亿元。\n高举高打的营销方式在市场初期确实有用，妙可蓝多也在消费者心智培养方面拔得头筹。但高销售费用也拖累了妙可蓝多的净利润，2022年，妙可蓝多广告促销费8.22亿，换来净利润为1.35亿元，毛利率达34.09%，净利率只有2.80%。\n此外，从业务来看，妙可蓝多的核心单品奶酪棒已增长乏力，然而，第二增长曲线尚未形成气候。\n财报显示，2023年妙可蓝多主营业务收入占比77.69%的奶酪产品，实现营收31.37亿元，同比下降了18.91%；毛利率为37.01%，同比减少了3.72个百分点。\n贸易业务的营收为5.67亿元，营收占比为14.04%，毛利率为-2.7%，该业务的营收同比下降了5.44%，毛利率同比减少了8.8个百分点。\n液态奶的营收为3.338亿元，营收占比为8.27%，毛利率为9.25%。该业务的营收同比下降4.32%，毛利率增加了0.64个百分点。\n另一方面，“竞争加剧”或亦是妙可蓝多业绩被影响的原因之一。\n行业的快速发展，不断吸引新品牌加入，加剧市场竞争。从伊利、光明、品渥等乳业上市公司，到妙飞、奶酪博士、吉士汀等创新品牌，以及永辉、盒马等零售渠道跨界入局，儿童奶酪棒市场逐渐陷入内卷，价格战、营销战轮番上阵，妙可蓝多的压力不小。\n业绩发布后，妙可蓝多遭多家机构下调盈利预测。光大证券发布研报称，考虑到终端消费力的恢复仍有不确定性，下调公司24-25年归母净利润预测至1.69/2.31亿元（较前期下调5%/16%），维持“增持”评级。\n华泰证券表示，考虑到公司核心产品低温奶酪棒需求仍短期承压/第二增长曲线的培养仍需时间，成本端压力未完全释放，我们下调盈利预测，预计24-26年EPS为0.27/0.32/0.37元，目标价14.86元，下调至“增持”评级。\n二级市场同样艰难。2021年，妙可蓝多股价暴涨，创下每股84.5元的最高纪录，市值一度直逼435亿元。但截至3月26日收盘，妙可蓝多股价报13.74元，近一年跌幅达53.58%，在20家乳品企业中跌幅居首；总市值70.59亿元，较巅峰时期蒸发了约360亿元。\n关于未来发展，妙可蓝多在财报中表示，2024 年，公司将紧密关注市场变化情况，把握市场机遇，始终以引领中国奶酪产业不断创新、不断升级为己任，聚焦奶酪业务，拓宽品类边界，以餐桌奶酪美食为重要场景，以奶酪零食为品类拓展，继续保持行业引领优势，进一步巩固奶酪品类领导者地位。']
妙可蓝多(600882)：蒙牛要约收购深度联合 看好奶酪龙头价值回归,https://zhuanlan.zhihu.com/p/572742433,['蒙牛控制权进一步提升，提振市场信心\n2020 年以来蒙牛通过多次资本运作入主妙可蓝多并大幅提升持股比例，截至本次要约收购公告日，蒙牛持股为30%。本次要约收购完成后，蒙牛持股比例最多将达35%。要约收购价格为30.92 元/股，系公告日前30 个交易日股价均值，收购所需资金总额7.98 亿元。经测算，蒙牛此前对妙可持股成本约32 元/股，此次要约收购价与持股成本相近。蒙牛作为大股东提出要约收购，主要基于对公司未来发展前景的信心及价值认可，进一步提高持股，在当前妙可蓝多股价低位背景下有望大幅提振投资者信心。\n定增重组有序推进，妙可深度嵌入蒙牛版图\n根据此前公告，妙可定增收购蒙牛所持吉林科技股权的定增重组方案当前正有序推进中。该资本运作实际为蒙牛对妙可蓝多的股权上翻，交易完成后，核心子公司吉林科技将重回全资控股，蒙牛对妙可持股比例将进一步提升。结合此次要约收购，蒙牛对妙可控制权将明显提升，妙可作为国内奶酪龙头将深度嵌入乳业巨头版图，定位蒙牛旗下奶酪运营平台。提高股比将更有利于蒙牛在品牌、渠道、奶源、供应链以及公司治理等多方面对妙可赋能，全方位巩固妙可蓝多龙头地位。\n妙可基本面边际向好，看好奶酪龙头价值回归\n三季度以来疫情环境趋稳，相关扰动因素已逐渐弱化，奶酪需求或回归较好增长，低温/常温奶酪棒、奶酪片/马苏里拉等佐餐奶酪等多个产品线有望同步发力，下半年收入环比改善仍然可期。同时盈利端存在修复预期，Q3 以来干酪、大包粉等原材料价格逐渐下行，同时公司积极备货锁价，有效缓解成本压力，下半年毛利率或得到修复，利好业绩释放。在疫情环境边际改善预期下，奶酪作为乳制品可选品类或将显现较大恢复弹性，妙可或率先受益，结合基本面向好预期，我们看好奶酪龙头价值回归。']
奶酪巨头妙可蓝多市值三年蒸发365亿                ,https://zhuanlan.zhihu.com/p/697095519,['曾经风光无限的“奶酪第一股”妙可蓝多，自2021年5月底股价冲上84.5元每股的巅峰后，便步入了下坡路。据最新数据显示，截至4月11日收盘，妙可蓝多股价已跌至每股13.3元，市值在短短不到三年的时间里蒸发了惊人的365亿元，目前仅剩68.3亿元。大股东蒙牛因此承受的账面浮亏至少达到20亿元。\n继2022年净利润出现下滑后，2023年妙可蓝多更是面临营收和净利润双双下滑两位数的严峻形势。这样的业绩表现，无疑给投资者和市场带来了极大的压力。\n面对困境，妙可蓝多CEO柴L在一场公开活动中坦诚地表示：“去年我们的财务报表并不理想，我对此深感难过。看到我们的股票从84元一路下跌到如今的不足13元，数十亿的市值蒸发，这让我感到十分痛心。”\n柴L进一步指出，妙可蓝多去年业绩不佳的主要原因是供应链问题导致的成本大幅上涨。她透露，为了应对这一挑战，妙可蓝多已经在奶源供应链上找到了不完全依赖进口的新办法，以降低成本压力。\n\n根据商商查资料显示，柴L为上海妙可蓝多食品科技股份有限公司的法定代表人，该公司成立于1988-11-29，注册资本为51379.16万元。\n柴L还强调了品牌护城河的重要性。她表示：“我们正在全力打造妙可蓝多的企业品牌护城河，以提升品牌竞争力和市场地位。”她进一步解释说：“除了品牌护城河外，我们还希望通过扩大企业规模来形成成本优势，这将成为我们另一道坚固的护城河。”']
